01	023	Southwest Alabama nonmetropolitan area
01	025	Southwest Alabama nonmetropolitan area
01	035	Southwest Alabama nonmetropolitan area
01	047	Southwest Alabama nonmetropolitan area
01	053	Southwest Alabama nonmetropolitan area
01	063	Southwest Alabama nonmetropolitan area
01	091	Southwest Alabama nonmetropolitan area
01	099	Southwest Alabama nonmetropolitan area
01	105	Southwest Alabama nonmetropolitan area
01	119	Southwest Alabama nonmetropolitan area
01	129	Southwest Alabama nonmetropolitan area
01	131	Southwest Alabama nonmetropolitan area
02	013	Alaska nonmetropolitan area
02	016	Alaska nonmetropolitan area
02	020	Anchorage, AK
02	050	Alaska nonmetropolitan area
02	060	Alaska nonmetropolitan area
02	063	Alaska nonmetropolitan area
02	066	Alaska nonmetropolitan area
02	068	Alaska nonmetropolitan area
02	070	Alaska nonmetropolitan area
02	090	Fairbanks, AK
02	100	Alaska nonmetropolitan area
02	105	Alaska nonmetropolitan area
02	110	Alaska nonmetropolitan area
02	122	Alaska nonmetropolitan area
02	130	Alaska nonmetropolitan area
02	150	Alaska nonmetropolitan area
02	158	Alaska nonmetropolitan area
02	164	Alaska nonmetropolitan area
02	170	Anchorage, AK
02	180	Alaska nonmetropolitan area
02	185	Alaska nonmetropolitan area
02	188	Alaska nonmetropolitan area
02	195	Alaska nonmetropolitan area
02	198	Alaska nonmetropolitan area
02	220	Alaska nonmetropolitan area
02	230	Alaska nonmetropolitan area
02	240	Alaska nonmetropolitan area
02	275	Alaska nonmetropolitan area
02	282	Alaska nonmetropolitan area
02	290	Alaska nonmetropolitan area
04	001	Arizona nonmetropolitan area
04	003	Sierra Vista-Douglas, AZ
04	005	Flagstaff, AZ
04	007	Arizona nonmetropolitan area
04	009	Arizona nonmetropolitan area
04	011	Arizona nonmetropolitan area
04	012	Arizona nonmetropolitan area
04	015	Lake Havasu City-Kingman, AZ
04	017	Arizona nonmetropolitan area
04	023	Arizona nonmetropolitan area
05	001	South Arkansas nonmetropolitan area
05	003	South Arkansas nonmetropolitan area
05	011	South Arkansas nonmetropolitan area
05	013	South Arkansas nonmetropolitan area
05	017	South Arkansas nonmetropolitan area
05	019	West Arkansas nonmetropolitan area
05	021	East Arkansas nonmetropolitan area
05	025	Pine Bluff, AR
05	027	South Arkansas nonmetropolitan area
05	029	West Arkansas nonmetropolitan area
05	037	East Arkansas nonmetropolitan area
05	039	South Arkansas nonmetropolitan area
05	041	South Arkansas nonmetropolitan area
05	043	South Arkansas nonmetropolitan area
05	047	West Arkansas nonmetropolitan area
05	051	Hot Springs, AR
05	055	East Arkansas nonmetropolitan area
05	057	South Arkansas nonmetropolitan area
05	059	West Arkansas nonmetropolitan area
05	061	South Arkansas nonmetropolitan area
05	069	Pine Bluff, AR
05	071	West Arkansas nonmetropolitan area
05	073	South Arkansas nonmetropolitan area
05	075	East Arkansas nonmetropolitan area
05	077	East Arkansas nonmetropolitan area
05	079	Pine Bluff, AR
05	081	Texarkana, TX-AR
05	083	West Arkansas nonmetropolitan area
05	091	Texarkana, TX-AR
05	093	East Arkansas nonmetropolitan area
05	095	East Arkansas nonmetropolitan area
05	097	West Arkansas nonmetropolitan area
05	099	South Arkansas nonmetropolitan area
05	103	South Arkansas nonmetropolitan area
05	107	East Arkansas nonmetropolitan area
05	109	West Arkansas nonmetropolitan area
05	113	West Arkansas nonmetropolitan area
05	115	West Arkansas nonmetropolitan area
05	117	East Arkansas nonmetropolitan area
05	121	East Arkansas nonmetropolitan area
05	123	East Arkansas nonmetropolitan area
05	127	West Arkansas nonmetropolitan area
05	133	South Arkansas nonmetropolitan area
05	139	South Arkansas nonmetropolitan area
05	149	West Arkansas nonmetropolitan area
06	003	Eastern Sierra-Mother Lode Region of California nonmetropolitan area
06	005	Eastern Sierra-Mother Lode Region of California nonmetropolitan area
06	009	Eastern Sierra-Mother Lode Region of California nonmetropolitan area
06	011	North Valley-Northern Mountains Region of California nonmetropolitan area
06	021	North Valley-Northern Mountains Region of California nonmetropolitan area
06	027	Eastern Sierra-Mother Lode Region of California nonmetropolitan area
06	029	Bakersfield, CA
06	035	North Valley-Northern Mountains Region of California nonmetropolitan area
06	037	Los Angeles-Long Beach-Anaheim, CA
06	043	Eastern Sierra-Mother Lode Region of California nonmetropolitan area
06	049	North Valley-Northern Mountains Region of California nonmetropolitan area
06	051	Eastern Sierra-Mother Lode Region of California nonmetropolitan area
06	057	North Valley-Northern Mountains Region of California nonmetropolitan area
06	059	Los Angeles-Long Beach-Anaheim, CA
06	063	North Valley-Northern Mountains Region of California nonmetropolitan area
06	065	Riverside-San Bernardino-Ontario, CA
06	071	Riverside-San Bernardino-Ontario, CA
06	091	North Valley-Northern Mountains Region of California nonmetropolitan area
06	093	North Valley-Northern Mountains Region of California nonmetropolitan area
06	095	Vallejo-Fairfield, CA
06	101	Yuba City, CA
06	103	North Valley-Northern Mountains Region of California nonmetropolitan area
06	105	North Valley-Northern Mountains Region of California nonmetropolitan area
06	107	Visalia-Porterville, CA
06	109	Eastern Sierra-Mother Lode Region of California nonmetropolitan area
06	115	Yuba City, CA
08	041	Colorado Springs, CO
08	077	Grand Junction, CO
08	119	Colorado Springs, CO
08	123	Greeley, CO
09	001	Bridgeport-Stamford-Norwalk, CT
09	009	New Haven-Milford, CT
09	015	Worcester, MA-CT
10	001	Dover, DE
10	003	Philadelphia-Camden-Wilmington, PA-NJ-DE-MD
17	001	West Central Illinois nonmetropolitan area
17	009	West Central Illinois nonmetropolitan area
17	011	Northwest Illinois nonmetropolitan area
17	015	Northwest Illinois nonmetropolitan area
17	017	West Central Illinois nonmetropolitan area
17	021	West Central Illinois nonmetropolitan area
17	023	East Central Illinois nonmetropolitan area
17	025	East Central Illinois nonmetropolitan area
17	029	East Central Illinois nonmetropolitan area
17	031	Chicago-Naperville-Elgin, IL-IN-WI
17	033	East Central Illinois nonmetropolitan area
17	035	East Central Illinois nonmetropolitan area
17	037	Chicago-Naperville-Elgin, IL-IN-WI
17	041	East Central Illinois nonmetropolitan area
17	043	Chicago-Naperville-Elgin, IL-IN-WI
17	045	East Central Illinois nonmetropolitan area
17	047	South Illinois nonmetropolitan area
17	049	East Central Illinois nonmetropolitan area
17	051	East Central Illinois nonmetropolitan area
17	055	South Illinois nonmetropolitan area
17	057	West Central Illinois nonmetropolitan area
17	059	South Illinois nonmetropolitan area
17	061	West Central Illinois nonmetropolitan area
17	063	Chicago-Naperville-Elgin, IL-IN-WI
17	065	South Illinois nonmetropolitan area
17	067	West Central Illinois nonmetropolitan area
17	069	South Illinois nonmetropolitan area
17	071	West Central Illinois nonmetropolitan area
17	075	East Central Illinois nonmetropolitan area
17	077	Carbondale-Marion, IL
17	079	East Central Illinois nonmetropolitan area
17	081	South Illinois nonmetropolitan area
17	085	Northwest Illinois nonmetropolitan area
17	087	South Illinois nonmetropolitan area
17	089	Chicago-Naperville-Elgin, IL-IN-WI
17	091	Kankakee, IL
17	093	Chicago-Naperville-Elgin, IL-IN-WI
17	095	West Central Illinois nonmetropolitan area
17	097	Chicago-Naperville-Elgin, IL-IN-WI
17	099	Northwest Illinois nonmetropolitan area
17	101	East Central Illinois nonmetropolitan area
17	103	Northwest Illinois nonmetropolitan area
17	105	West Central Illinois nonmetropolitan area
17	107	West Central Illinois nonmetropolitan area
17	109	West Central Illinois nonmetropolitan area
17	111	Chicago-Naperville-Elgin, IL-IN-WI
17	115	Decatur, IL
17	121	East Central Illinois nonmetropolitan area
17	125	West Central Illinois nonmetropolitan area
17	127	South Illinois nonmetropolitan area
17	129	Springfield, IL
17	135	West Central Illinois nonmetropolitan area
17	137	West Central Illinois nonmetropolitan area
17	139	West Central Illinois nonmetropolitan area
17	141	Northwest Illinois nonmetropolitan area
17	145	South Illinois nonmetropolitan area
17	149	West Central Illinois nonmetropolitan area
17	151	South Illinois nonmetropolitan area
17	153	South Illinois nonmetropolitan area
17	155	Northwest Illinois nonmetropolitan area
17	157	South Illinois nonmetropolitan area
17	159	East Central Illinois nonmetropolitan area
17	165	South Illinois nonmetropolitan area
17	167	Springfield, IL
17	169	West Central Illinois nonmetropolitan area
17	171	West Central Illinois nonmetropolitan area
17	173	West Central Illinois nonmetropolitan area
17	177	Northwest Illinois nonmetropolitan area
17	181	South Illinois nonmetropolitan area
17	183	Danville, IL
17	185	South Illinois nonmetropolitan area
17	187	West Central Illinois nonmetropolitan area
17	189	South Illinois nonmetropolitan area
17	191	South Illinois nonmetropolitan area
17	193	South Illinois nonmetropolitan area
17	195	Northwest Illinois nonmetropolitan area
17	197	Chicago-Naperville-Elgin, IL-IN-WI
17	199	Carbondale-Marion, IL
18	073	Chicago-Naperville-Elgin, IL-IN-WI
18	089	Chicago-Naperville-Elgin, IL-IN-WI
18	111	Chicago-Naperville-Elgin, IL-IN-WI
18	127	Chicago-Naperville-Elgin, IL-IN-WI
21	001	South Central Kentucky nonmetropolitan area
21	003	Bowling Green, KY
21	005	Central Kentucky nonmetropolitan area
21	007	West Kentucky nonmetropolitan area
21	009	South Central Kentucky nonmetropolitan area
21	011	Central Kentucky nonmetropolitan area
21	013	East Kentucky nonmetropolitan area
21	019	Huntington-Ashland, WV-KY-OH
21	021	Central Kentucky nonmetropolitan area
21	025	East Kentucky nonmetropolitan area
21	027	West Kentucky nonmetropolitan area
21	031	Bowling Green, KY
21	033	West Kentucky nonmetropolitan area
21	035	West Kentucky nonmetropolitan area
21	039	West Kentucky nonmetropolitan area
21	041	Central Kentucky nonmetropolitan area
21	043	East Kentucky nonmetropolitan area
21	045	South Central Kentucky nonmetropolitan area
21	051	East Kentucky nonmetropolitan area
21	053	South Central Kentucky nonmetropolitan area
21	055	West Kentucky nonmetropolitan area
21	057	South Central Kentucky nonmetropolitan area
21	059	Owensboro, KY
21	061	Bowling Green, KY
21	063	East Kentucky nonmetropolitan area
21	065	Central Kentucky nonmetropolitan area
21	069	Central Kentucky nonmetropolitan area
21	071	East Kentucky nonmetropolitan area
21	073	Central Kentucky nonmetropolitan area
21	075	West Kentucky nonmetropolitan area
21	079	Central Kentucky nonmetropolitan area
21	083	West Kentucky nonmetropolitan area
21	085	West Kentucky nonmetropolitan area
21	087	South Central Kentucky nonmetropolitan area
21	089	Huntington-Ashland, WV-KY-OH
21	091	Owensboro, KY
21	093	Elizabethtown-Fort Knox, KY
21	095	East Kentucky nonmetropolitan area
21	097	Central Kentucky nonmetropolitan area
21	099	South Central Kentucky nonmetropolitan area
21	105	West Kentucky nonmetropolitan area
21	107	West Kentucky nonmetropolitan area
21	109	East Kentucky nonmetropolitan area
21	115	East Kentucky nonmetropolitan area
21	119	East Kentucky nonmetropolitan area
21	121	South Central Kentucky nonmetropolitan area
21	123	Elizabethtown-Fort Knox, KY
21	125	South Central Kentucky nonmetropolitan area
21	127	East Kentucky nonmetropolitan area
21	129	East Kentucky nonmetropolitan area
21	131	East Kentucky nonmetropolitan area
21	133	East Kentucky nonmetropolitan area
21	135	Central Kentucky nonmetropolitan area
21	137	Central Kentucky nonmetropolitan area
21	139	West Kentucky nonmetropolitan area
21	141	South Central Kentucky nonmetropolitan area
21	143	West Kentucky nonmetropolitan area
21	145	West Kentucky nonmetropolitan area
21	147	South Central Kentucky nonmetropolitan area
21	149	Owensboro, KY
21	151	Central Kentucky nonmetropolitan area
21	153	East Kentucky nonmetropolitan area
21	155	South Central Kentucky nonmetropolitan area
21	157	West Kentucky nonmetropolitan area
21	159	East Kentucky nonmetropolitan area
21	161	Central Kentucky nonmetropolitan area
21	163	Elizabethtown-Fort Knox, KY
21	165	Central Kentucky nonmetropolitan area
21	167	Central Kentucky nonmetropolitan area
21	169	South Central Kentucky nonmetropolitan area
21	171	South Central Kentucky nonmetropolitan area
21	173	Central Kentucky nonmetropolitan area
21	175	East Kentucky nonmetropolitan area
21	177	West Kentucky nonmetropolitan area
21	179	Central Kentucky nonmetropolitan area
21	181	Central Kentucky nonmetropolitan area
21	183	West Kentucky nonmetropolitan area
21	187	Central Kentucky nonmetropolitan area
21	189	East Kentucky nonmetropolitan area
21	193	East Kentucky nonmetropolitan area
21	195	East Kentucky nonmetropolitan area
21	197	Central Kentucky nonmetropolitan area
21	199	South Central Kentucky nonmetropolitan area
21	201	Central Kentucky nonmetropolitan area
21	203	Central Kentucky nonmetropolitan area
21	205	Central Kentucky nonmetropolitan area
21	207	South Central Kentucky nonmetropolitan area
21	213	South Central Kentucky nonmetropolitan area
21	217	South Central Kentucky nonmetropolitan area
21	219	West Kentucky nonmetropolitan area
21	225	West Kentucky nonmetropolitan area
21	227	Bowling Green, KY
21	229	Central Kentucky nonmetropolitan area
21	231	South Central Kentucky nonmetropolitan area
21	233	West Kentucky nonmetropolitan area
21	235	South Central Kentucky nonmetropolitan area
21	237	East Kentucky nonmetropolitan area
22	007	Southwest Louisiana nonmetropolitan area
22	013	Northeast Louisiana nonmetropolitan area
22	015	Shreveport-Bossier City, LA
22	017	Shreveport-Bossier City, LA
22	021	Northeast Louisiana nonmetropolitan area
22	025	Northeast Louisiana nonmetropolitan area
22	027	Northeast Louisiana nonmetropolitan area
22	029	Northeast Louisiana nonmetropolitan area
22	031	Shreveport-Bossier City, LA
22	035	Northeast Louisiana nonmetropolitan area
22	041	Northeast Louisiana nonmetropolitan area
22	049	Northeast Louisiana nonmetropolitan area
22	051	New Orleans-Metairie, LA
22	053	Southwest Louisiana nonmetropolitan area
22	061	Northeast Louisiana nonmetropolitan area
22	065	Northeast Louisiana nonmetropolitan area
22	067	Northeast Louisiana nonmetropolitan area
22	071	New Orleans-Metairie, LA
22	075	New Orleans-Metairie, LA
22	083	Northeast Louisiana nonmetropolitan area
22	087	New Orleans-Metairie, LA
22	089	New Orleans-Metairie, LA
22	093	New Orleans-Metairie, LA
22	095	New Orleans-Metairie, LA
22	097	Southwest Louisiana nonmetropolitan area
22	101	Southwest Louisiana nonmetropolitan area
22	103	New Orleans-Metairie, LA
22	105	Hammond, LA
22	107	Northeast Louisiana nonmetropolitan area
22	117	Southwest Louisiana nonmetropolitan area
22	119	Shreveport-Bossier City, LA
22	123	Northeast Louisiana nonmetropolitan area
24	001	Cumberland, MD-WV
24	011	Maryland nonmetropolitan area
24	015	Philadelphia-Camden-Wilmington, PA-NJ-DE-MD
24	019	Maryland nonmetropolitan area
24	023	Maryland nonmetropolitan area
24	029	Maryland nonmetropolitan area
24	041	Maryland nonmetropolitan area
25	001	Barnstable Town, MA
25	003	Pittsfield, MA
25	007	Massachusetts nonmetropolitan area
25	011	Massachusetts nonmetropolitan area
25	019	Massachusetts nonmetropolitan area
25	027	Worcester, MA-CT
26	001	Northeast Lower Peninsula of Michigan nonmetropolitan area
26	003	Upper Peninsula of Michigan nonmetropolitan area
26	005	Balance of Lower Peninsula of Michigan nonmetropolitan area
26	007	Northeast Lower Peninsula of Michigan nonmetropolitan area
26	009	Northwest Lower Peninsula of Michigan nonmetropolitan area
26	011	Northeast Lower Peninsula of Michigan nonmetropolitan area
26	013	Upper Peninsula of Michigan nonmetropolitan area
26	017	Bay City, MI
26	019	Northwest Lower Peninsula of Michigan nonmetropolitan area
26	023	Balance of Lower Peninsula of Michigan nonmetropolitan area
26	025	Battle Creek, MI
26	029	Northwest Lower Peninsula of Michigan nonmetropolitan area
26	031	Northeast Lower Peninsula of Michigan nonmetropolitan area
26	033	Upper Peninsula of Michigan nonmetropolitan area
26	035	Northeast Lower Peninsula of Michigan nonmetropolitan area
26	039	Northeast Lower Peninsula of Michigan nonmetropolitan area
26	041	Upper Peninsula of Michigan nonmetropolitan area
26	043	Upper Peninsula of Michigan nonmetropolitan area
26	047	Northwest Lower Peninsula of Michigan nonmetropolitan area
26	051	Northeast Lower Peninsula of Michigan nonmetropolitan area
26	053	Upper Peninsula of Michigan nonmetropolitan area
26	055	Northwest Lower Peninsula of Michigan nonmetropolitan area
26	057	Balance of Lower Peninsula of Michigan nonmetropolitan area
26	059	Balance of Lower Peninsula of Michigan nonmetropolitan area
26	061	Upper Peninsula of Michigan nonmetropolitan area
26	063	Balance of Lower Peninsula of Michigan nonmetropolitan area
26	067	Balance of Lower Peninsula of Michigan nonmetropolitan area
26	069	Northeast Lower Peninsula of Michigan nonmetropolitan area
26	071	Upper Peninsula of Michigan nonmetropolitan area
26	073	Balance of Lower Peninsula of Michigan nonmetropolitan area
26	079	Northwest Lower Peninsula of Michigan nonmetropolitan area
26	083	Upper Peninsula of Michigan nonmetropolitan area
26	085	Balance of Lower Peninsula of Michigan nonmetropolitan area
26	087	Detroit-Warren-Dearborn, MI
26	089	Northwest Lower Peninsula of Michigan nonmetropolitan area
26	091	Balance of Lower Peninsula of Michigan nonmetropolitan area
26	093	Detroit-Warren-Dearborn, MI
26	095	Upper Peninsula of Michigan nonmetropolitan area
26	097	Upper Peninsula of Michigan nonmetropolitan area
26	099	Detroit-Warren-Dearborn, MI
26	101	Northwest Lower Peninsula of Michigan nonmetropolitan area
26	103	Upper Peninsula of Michigan nonmetropolitan area
26	105	Balance of Lower Peninsula of Michigan nonmetropolitan area
26	107	Balance of Lower Peninsula of Michigan nonmetropolitan area
26	109	Upper Peninsula of Michigan nonmetropolitan area
26	113	Northwest Lower Peninsula of Michigan nonmetropolitan area
26	115	Monroe, MI
26	119	Northeast Lower Peninsula of Michigan nonmetropolitan area
26	123	Balance of Lower Peninsula of Michigan nonmetropolitan area
26	125	Detroit-Warren-Dearborn, MI
26	127	Balance of Lower Peninsula of Michigan nonmetropolitan area
26	129	Northeast Lower Peninsula of Michigan nonmetropolitan area
26	131	Upper Peninsula of Michigan nonmetropolitan area
26	133	Balance of Lower Peninsula of Michigan nonmetropolitan area
26	135	Northeast Lower Peninsula of Michigan nonmetropolitan area
26	137	Northeast Lower Peninsula of Michigan nonmetropolitan area
26	141	Northeast Lower Peninsula of Michigan nonmetropolitan area
26	143	Northeast Lower Peninsula of Michigan nonmetropolitan area
26	145	Saginaw, MI
26	147	Detroit-Warren-Dearborn, MI
26	149	Balance of Lower Peninsula of Michigan nonmetropolitan area
26	151	Balance of Lower Peninsula of Michigan nonmetropolitan area
26	153	Upper Peninsula of Michigan nonmetropolitan area
26	155	Balance of Lower Peninsula of Michigan nonmetropolitan area
26	157	Balance of Lower Peninsula of Michigan nonmetropolitan area
26	163	Detroit-Warren-Dearborn, MI
26	165	Northwest Lower Peninsula of Michigan nonmetropolitan area
28	001	Southwest Mississippi nonmetropolitan area
28	005	Southwest Mississippi nonmetropolitan area
28	011	Northwest Mississippi nonmetropolitan area
28	015	Northwest Mississippi nonmetropolitan area
28	021	Southwest Mississippi nonmetropolitan area
28	023	Southeast Mississippi nonmetropolitan area
28	027	Northwest Mississippi nonmetropolitan area
28	031	Southeast Mississippi nonmetropolitan area
28	037	Southwest Mississippi nonmetropolitan area
28	039	Southeast Mississippi nonmetropolitan area
28	041	Southeast Mississippi nonmetropolitan area
28	043	Northwest Mississippi nonmetropolitan area
28	045	Gulfport-Biloxi-Pascagoula, MS
28	047	Gulfport-Biloxi-Pascagoula, MS
28	051	Northwest Mississippi nonmetropolitan area
28	053	Northwest Mississippi nonmetropolitan area
28	055	Northwest Mississippi nonmetropolitan area
28	059	Gulfport-Biloxi-Pascagoula, MS
28	061	Southeast Mississippi nonmetropolitan area
28	063	Southwest Mississippi nonmetropolitan area
28	065	Southeast Mississippi nonmetropolitan area
28	067	Southeast Mississippi nonmetropolitan area
28	069	Southeast Mississippi nonmetropolitan area
28	075	Southeast Mississippi nonmetropolitan area
28	077	Southwest Mississippi nonmetropolitan area
28	079	Southeast Mississippi nonmetropolitan area
28	083	Northwest Mississippi nonmetropolitan area
28	085	Southwest Mississippi nonmetropolitan area
28	091	Southeast Mississippi nonmetropolitan area
28	097	Northwest Mississippi nonmetropolitan area
28	099	Southeast Mississippi nonmetropolitan area
28	101	Southeast Mississippi nonmetropolitan area
28	107	Northwest Mississippi nonmetropolitan area
28	109	Southeast Mississippi nonmetropolitan area
28	113	Southwest Mississippi nonmetropolitan area
28	119	Northwest Mississippi nonmetropolitan area
28	123	Southeast Mississippi nonmetropolitan area
28	125	Northwest Mississippi nonmetropolitan area
28	129	Southeast Mississippi nonmetropolitan area
28	131	Southeast Mississippi nonmetropolitan area
28	133	Northwest Mississippi nonmetropolitan area
28	135	Northwest Mississippi nonmetropolitan area
28	147	Southwest Mississippi nonmetropolitan area
28	149	Southwest Mississippi nonmetropolitan area
28	151	Northwest Mississippi nonmetropolitan area
28	153	Southeast Mississippi nonmetropolitan area
28	157	Southwest Mississippi nonmetropolitan area
28	161	Northwest Mississippi nonmetropolitan area
32	003	Las Vegas-Henderson-Paradise, NV
34	001	Atlantic City-Hammonton, NJ
34	005	Philadelphia-Camden-Wilmington, PA-NJ-DE-MD
34	007	Philadelphia-Camden-Wilmington, PA-NJ-DE-MD
34	015	Philadelphia-Camden-Wilmington, PA-NJ-DE-MD
34	033	Philadelphia-Camden-Wilmington, PA-NJ-DE-MD
35	001	Albuquerque, NM
35	003	Northern New Mexico nonmetropolitan area
35	005	Eastern New Mexico nonmetropolitan area
35	006	Northern New Mexico nonmetropolitan area
35	007	Northern New Mexico nonmetropolitan area
35	009	Eastern New Mexico nonmetropolitan area
35	011	Eastern New Mexico nonmetropolitan area
35	015	Eastern New Mexico nonmetropolitan area
35	017	Eastern New Mexico nonmetropolitan area
35	019	Eastern New Mexico nonmetropolitan area
35	021	Eastern New Mexico nonmetropolitan area
35	023	Eastern New Mexico nonmetropolitan area
35	025	Eastern New Mexico nonmetropolitan area
35	027	Eastern New Mexico nonmetropolitan area
35	028	Northern New Mexico nonmetropolitan area
35	029	Eastern New Mexico nonmetropolitan area
35	031	Northern New Mexico nonmetropolitan area
35	033	Northern New Mexico nonmetropolitan area
35	035	Eastern New Mexico nonmetropolitan area
35	037	Eastern New Mexico nonmetropolitan area
35	039	Northern New Mexico nonmetropolitan area
35	041	Eastern New Mexico nonmetropolitan area
35	043	Albuquerque, NM
35	045	Farmington, NM
35	047	Northern New Mexico nonmetropolitan area
35	049	Santa Fe, NM
35	051	Eastern New Mexico nonmetropolitan area
35	053	Eastern New Mexico nonmetropolitan area
35	055	Northern New Mexico nonmetropolitan area
35	057	Albuquerque, NM
35	059	Eastern New Mexico nonmetropolitan area
35	061	Albuquerque, NM
36	029	Buffalo-Cheektowaga-Niagara Falls, NY
36	063	Buffalo-Cheektowaga-Niagara Falls, NY
37	065	Rocky Mount, NC
37	081	Greensboro-High Point, NC
37	127	Rocky Mount, NC
37	151	Greensboro-High Point, NC
37	157	Greensboro-High Point, NC
39	001	Southern Ohio nonmetropolitan area
39	003	Lima, OH
39	005	North Northeastern Ohio nonmetropolitan area (noncontiguous)
39	007	North Northeastern Ohio nonmetropolitan area (noncontiguous)
39	009	Southern Ohio nonmetropolitan area
39	013	Wheeling, WV-OH
39	019	Canton-Massillon, OH
39	027	Southern Ohio nonmetropolitan area
39	029	North Northeastern Ohio nonmetropolitan area (noncontiguous)
39	031	Eastern Ohio nonmetropolitan area
39	033	North Northeastern Ohio nonmetropolitan area (noncontiguous)
39	043	North Northeastern Ohio nonmetropolitan area (noncontiguous)
39	047	Southern Ohio nonmetropolitan area
39	051	Toledo, OH
39	053	Southern Ohio nonmetropolitan area
39	059	Eastern Ohio nonmetropolitan area
39	067	Eastern Ohio nonmetropolitan area
39	071	Southern Ohio nonmetropolitan area
39	075	North Northeastern Ohio nonmetropolitan area (noncontiguous)
39	077	North Northeastern Ohio nonmetropolitan area (noncontiguous)
39	079	Southern Ohio nonmetropolitan area
39	081	Weirton-Steubenville, WV-OH
39	083	North Northeastern Ohio nonmetropolitan area (noncontiguous)
39	087	Huntington-Ashland, WV-KY-OH
39	095	Toledo, OH
39	099	Youngstown-Warren-Boardman, OH-PA
39	101	North Northeastern Ohio nonmetropolitan area (noncontiguous)
39	105	Southern Ohio nonmetropolitan area
39	111	Eastern Ohio nonmetropolitan area
39	115	Eastern Ohio nonmetropolitan area
39	119	Eastern Ohio nonmetropolitan area
39	121	Eastern Ohio nonmetropolitan area
39	123	North Northeastern Ohio nonmetropolitan area (noncontiguous)
39	131	Southern Ohio nonmetropolitan area
39	133	Akron, OH
39	139	Mansfield, OH
39	141	Southern Ohio nonmetropolitan area
39	143	North Northeastern Ohio nonmetropolitan area (noncontiguous)
39	145	Southern Ohio nonmetropolitan area
39	147	North Northeastern Ohio nonmetropolitan area (noncontiguous)
39	151	Canton-Massillon, OH
39	153	Akron, OH
39	155	Youngstown-Warren-Boardman, OH-PA
39	157	Eastern Ohio nonmetropolitan area
39	163	Southern Ohio nonmetropolitan area
39	167	Eastern Ohio nonmetropolitan area
39	169	North Northeastern Ohio nonmetropolitan area (noncontiguous)
39	173	Toledo, OH
39	175	North Northeastern Ohio nonmetropolitan area (noncontiguous)
40	031	Lawton, OK
40	033	Lawton, OK
41	005	Portland-Vancouver-Hillsboro, OR-WA
41	009	Portland-Vancouver-Hillsboro, OR-WA
41	029	Medford, OR
41	051	Portland-Vancouver-Hillsboro, OR-WA
41	067	Portland-Vancouver-Hillsboro, OR-WA
41	071	Portland-Vancouver-Hillsboro, OR-WA
42	003	Pittsburgh, PA
42	005	Pittsburgh, PA
42	007	Pittsburgh, PA
42	009	Southern Pennsylvania nonmetropolitan area
42	011	Reading, PA
42	015	Northern Pennsylvania nonmetropolitan area
42	017	Philadelphia-Camden-Wilmington, PA-NJ-DE-MD
42	019	Pittsburgh, PA
42	021	Johnstown, PA
42	023	Northern Pennsylvania nonmetropolitan area
42	029	Philadelphia-Camden-Wilmington, PA-NJ-DE-MD
42	031	Western Pennsylvania nonmetropolitan area
42	033	Northern Pennsylvania nonmetropolitan area
42	035	Northern Pennsylvania nonmetropolitan area
42	037	Bloomsburg-Berwick, PA
42	039	Western Pennsylvania nonmetropolitan area
42	045	Philadelphia-Camden-Wilmington, PA-NJ-DE-MD
42	047	Northern Pennsylvania nonmetropolitan area
42	049	Erie, PA
42	051	Pittsburgh, PA
42	053	Western Pennsylvania nonmetropolitan area
42	057	Southern Pennsylvania nonmetropolitan area
42	059	Western Pennsylvania nonmetropolitan area
42	061	Southern Pennsylvania nonmetropolitan area
42	063	Western Pennsylvania nonmetropolitan area
42	065	Northern Pennsylvania nonmetropolitan area
42	067	Southern Pennsylvania nonmetropolitan area
42	069	Scranton--Wilkes-Barre--Hazleton, PA
42	073	Western Pennsylvania nonmetropolitan area
42	079	Scranton--Wilkes-Barre--Hazleton, PA
42	081	Williamsport, PA
42	083	Northern Pennsylvania nonmetropolitan area
42	085	Youngstown-Warren-Boardman, OH-PA
42	087	Southern Pennsylvania nonmetropolitan area
42	091	Philadelphia-Camden-Wilmington, PA-NJ-DE-MD
42	093	Bloomsburg-Berwick, PA
42	097	Southern Pennsylvania nonmetropolitan area
42	101	Philadelphia-Camden-Wilmington, PA-NJ-DE-MD
42	105	Northern Pennsylvania nonmetropolitan area
42	107	Southern Pennsylvania nonmetropolitan area
42	109	Southern Pennsylvania nonmetropolitan area
42	111	Southern Pennsylvania nonmetropolitan area
42	113	Northern Pennsylvania nonmetropolitan area
42	115	Northern Pennsylvania nonmetropolitan area
42	117	Northern Pennsylvania nonmetropolitan area
42	119	Southern Pennsylvania nonmetropolitan area
42	121	Western Pennsylvania nonmetropolitan area
42	123	Western Pennsylvania nonmetropolitan area
42	125	Pittsburgh, PA
42	127	Northern Pennsylvania nonmetropolitan area
42	129	Pittsburgh, PA
42	131	Scranton--Wilkes-Barre--Hazleton, PA
47	025	North Central Tennessee nonmetropolitan area
47	027	North Central Tennessee nonmetropolitan area
47	035	North Central Tennessee nonmetropolitan area
47	041	North Central Tennessee nonmetropolitan area
47	049	North Central Tennessee nonmetropolitan area
47	067	North Central Tennessee nonmetropolitan area
47	087	North Central Tennessee nonmetropolitan area
47	133	North Central Tennessee nonmetropolitan area
47	137	North Central Tennessee nonmetropolitan area
47	141	North Central Tennessee nonmetropolitan area
47	151	North Central Tennessee nonmetropolitan area
47	177	North Central Tennessee nonmetropolitan area
47	185	North Central Tennessee nonmetropolitan area
48	001	North Texas Region of Texas nonmetropolitan area
48	003	West Texas Region of Texas nonmetropolitan area
48	005	Big Thicket Region of Texas nonmetropolitan area
48	007	Corpus Christi, TX
48	009	Wichita Falls, TX
48	013	San Antonio-New Braunfels, TX
48	015	Houston-The Woodlands-Sugar Land, TX
48	017	West Texas Region of Texas nonmetropolitan area
48	019	San Antonio-New Braunfels, TX
48	023	West Texas Region of Texas nonmetropolitan area
48	025	Coastal Plains Region of Texas nonmetropolitan area
48	029	San Antonio-New Braunfels, TX
48	031	Hill Country Region of Texas nonmetropolitan area
48	033	West Texas Region of Texas nonmetropolitan area
48	035	Hill Country Region of Texas nonmetropolitan area
48	037	Texarkana, TX-AR
48	039	Houston-The Woodlands-Sugar Land, TX
48	043	West Texas Region of Texas nonmetropolitan area
48	045	West Texas Region of Texas nonmetropolitan area
48	047	Coastal Plains Region of Texas nonmetropolitan area
48	049	Hill Country Region of Texas nonmetropolitan area
48	053	Hill Country Region of Texas nonmetropolitan area
48	057	Coastal Plains Region of Texas nonmetropolitan area
48	063	North Texas Region of Texas nonmetropolitan area
48	067	North Texas Region of Texas nonmetropolitan area
48	069	West Texas Region of Texas nonmetropolitan area
48	071	Houston-The Woodlands-Sugar Land, TX
48	073	North Texas Region of Texas nonmetropolitan area
48	075	West Texas Region of Texas nonmetropolitan area
48	077	Wichita Falls, TX
48	079	West Texas Region of Texas nonmetropolitan area
48	081	Hill Country Region of Texas nonmetropolitan area
48	083	Hill Country Region of Texas nonmetropolitan area
48	087	West Texas Region of Texas nonmetropolitan area
48	089	Coastal Plains Region of Texas nonmetropolitan area
48	091	San Antonio-New Braunfels, TX
48	093	North Texas Region of Texas nonmetropolitan area
48	095	Hill Country Region of Texas nonmetropolitan area
48	097	North Texas Region of Texas nonmetropolitan area
48	101	West Texas Region of Texas nonmetropolitan area
48	103	West Texas Region of Texas nonmetropolitan area
48	105	West Texas Region of Texas nonmetropolitan area
48	109	West Texas Region of Texas nonmetropolitan area
48	111	West Texas Region of Texas nonmetropolitan area
48	115	West Texas Region of Texas nonmetropolitan area
48	117	West Texas Region of Texas nonmetropolitan area
48	119	North Texas Region of Texas nonmetropolitan area
48	123	Coastal Plains Region of Texas nonmetropolitan area
48	125	West Texas Region of Texas nonmetropolitan area
48	127	Border Region of Texas nonmetropolitan area
48	129	West Texas Region of Texas nonmetropolitan area
48	131	Coastal Plains Region of Texas nonmetropolitan area
48	133	North Texas Region of Texas nonmetropolitan area
48	135	Odessa, TX
48	137	Border Region of Texas nonmetropolitan area
48	141	El Paso, TX
48	143	North Texas Region of Texas nonmetropolitan area
48	147	North Texas Region of Texas nonmetropolitan area
48	149	Hill Country Region of Texas nonmetropolitan area
48	151	West Texas Region of Texas nonmetropolitan area
48	153	West Texas Region of Texas nonmetropolitan area
48	155	West Texas Region of Texas nonmetropolitan area
48	157	Houston-The Woodlands-Sugar Land, TX
48	159	North Texas Region of Texas nonmetropolitan area
48	161	Hill Country Region of Texas nonmetropolitan area
48	163	Hill Country Region of Texas nonmetropolitan area
48	165	West Texas Region of Texas nonmetropolitan area
48	167	Houston-The Woodlands-Sugar Land, TX
48	169	West Texas Region of Texas nonmetropolitan area
48	171	Hill Country Region of Texas nonmetropolitan area
48	173	West Texas Region of Texas nonmetropolitan area
48	175	Victoria, TX
48	177	Coastal Plains Region of Texas nonmetropolitan area
48	179	West Texas Region of Texas nonmetropolitan area
48	183	Longview, TX
48	185	Hill Country Region of Texas nonmetropolitan area
48	187	San Antonio-New Braunfels, TX
48	189	West Texas Region of Texas nonmetropolitan area
48	191	West Texas Region of Texas nonmetropolitan area
48	193	Hill Country Region of Texas nonmetropolitan area
48	195	West Texas Region of Texas nonmetropolitan area
48	197	West Texas Region of Texas nonmetropolitan area
48	199	Beaumont-Port Arthur, TX
48	201	Houston-The Woodlands-Sugar Land, TX
48	203	North Texas Region of Texas nonmetropolitan area
48	205	West Texas Region of Texas nonmetropolitan area
48	207	West Texas Region of Texas nonmetropolitan area
48	211	West Texas Region of Texas nonmetropolitan area
48	213	North Texas Region of Texas nonmetropolitan area
48	215	McAllen-Edinburg-Mission, TX
48	217	Hill Country Region of Texas nonmetropolitan area
48	219	West Texas Region of Texas nonmetropolitan area
48	223	North Texas Region of Texas nonmetropolitan area
48	225	Big Thicket Region of Texas nonmetropolitan area
48	227	West Texas Region of Texas nonmetropolitan area
48	229	El Paso, TX
48	233	West Texas Region of Texas nonmetropolitan area
48	237	North Texas Region of Texas nonmetropolitan area
48	239	Coastal Plains Region of Texas nonmetropolitan area
48	241	Big Thicket Region of Texas nonmetropolitan area
48	243	West Texas Region of Texas nonmetropolitan area
48	245	Beaumont-Port Arthur, TX
48	247	Coastal Plains Region of Texas nonmetropolitan area
48	249	Coastal Plains Region of Texas nonmetropolitan area
48	255	Coastal Plains Region of Texas nonmetropolitan area
48	259	San Antonio-New Braunfels, TX
48	261	Coastal Plains Region of Texas nonmetropolitan area
48	263	West Texas Region of Texas nonmetropolitan area
48	265	Hill Country Region of Texas nonmetropolitan area
48	267	Hill Country Region of Texas nonmetropolitan area
48	269	West Texas Region of Texas nonmetropolitan area
48	271	Border Region of Texas nonmetropolitan area
48	273	Coastal Plains Region of Texas nonmetropolitan area
48	275	West Texas Region of Texas nonmetropolitan area
48	277	North Texas Region of Texas nonmetropolitan area
48	279	West Texas Region of Texas nonmetropolitan area
48	283	Border Region of Texas nonmetropolitan area
48	285	Coastal Plains Region of Texas nonmetropolitan area
48	287	Hill Country Region of Texas nonmetropolitan area
48	289	Hill Country Region of Texas nonmetropolitan area
48	291	Houston-The Woodlands-Sugar Land, TX
48	293	Hill Country Region of Texas nonmetropolitan area
48	295	West Texas Region of Texas nonmetropolitan area
48	297	Coastal Plains Region of Texas nonmetropolitan area
48	299	Hill Country Region of Texas nonmetropolitan area
48	301	West Texas Region of Texas nonmetropolitan area
48	307	Hill Country Region of Texas nonmetropolitan area
48	311	Coastal Plains Region of Texas nonmetropolitan area
48	313	Hill Country Region of Texas nonmetropolitan area
48	315	North Texas Region of Texas nonmetropolitan area
48	319	Hill Country Region of Texas nonmetropolitan area
48	321	Coastal Plains Region of Texas nonmetropolitan area
48	323	Border Region of Texas nonmetropolitan area
48	325	San Antonio-New Braunfels, TX
48	327	Hill Country Region of Texas nonmetropolitan area
48	331	Hill Country Region of Texas nonmetropolitan area
48	333	Hill Country Region of Texas nonmetropolitan area
48	335	West Texas Region of Texas nonmetropolitan area
48	337	North Texas Region of Texas nonmetropolitan area
48	339	Houston-The Woodlands-Sugar Land, TX
48	341	West Texas Region of Texas nonmetropolitan area
48	343	North Texas Region of Texas nonmetropolitan area
48	345	West Texas Region of Texas nonmetropolitan area
48	347	Big Thicket Region of Texas nonmetropolitan area
48	349	North Texas Region of Texas nonmetropolitan area
48	351	Beaumont-Port Arthur, TX
48	353	West Texas Region of Texas nonmetropolitan area
48	355	Corpus Christi, TX
48	357	West Texas Region of Texas nonmetropolitan area
48	361	Beaumont-Port Arthur, TX
48	363	North Texas Region of Texas nonmetropolitan area
48	365	North Texas Region of Texas nonmetropolitan area
48	369	West Texas Region of Texas nonmetropolitan area
48	371	West Texas Region of Texas nonmetropolitan area
48	373	Big Thicket Region of Texas nonmetropolitan area
48	377	West Texas Region of Texas nonmetropolitan area
48	379	North Texas Region of Texas nonmetropolitan area
48	383	West Texas Region of Texas nonmetropolitan area
48	385	Border Region of Texas nonmetropolitan area
48	387	North Texas Region of Texas nonmetropolitan area
48	389	West Texas Region of Texas nonmetropolitan area
48	391	Coastal Plains Region of Texas nonmetropolitan area
48	393	West Texas Region of Texas nonmetropolitan area
48	399	Hill Country Region of Texas nonmetropolitan area
48	401	Longview, TX
48	403	Big Thicket Region of Texas nonmetropolitan area
48	405	Big Thicket Region of Texas nonmetropolitan area
48	407	Big Thicket Region of Texas nonmetropolitan area
48	409	Corpus Christi, TX
48	411	Hill Country Region of Texas nonmetropolitan area
48	413	Hill Country Region of Texas nonmetropolitan area
48	415	West Texas Region of Texas nonmetropolitan area
48	417	West Texas Region of Texas nonmetropolitan area
48	419	Big Thicket Region of Texas nonmetropolitan area
48	421	West Texas Region of Texas nonmetropolitan area
48	423	Tyler, TX
48	427	Coastal Plains Region of Texas nonmetropolitan area
48	429	North Texas Region of Texas nonmetropolitan area
48	431	Hill Country Region of Texas nonmetropolitan area
48	433	West Texas Region of Texas nonmetropolitan area
48	435	Hill Country Region of Texas nonmetropolitan area
48	437	West Texas Region of Texas nonmetropolitan area
48	443	West Texas Region of Texas nonmetropolitan area
48	445	West Texas Region of Texas nonmetropolitan area
48	447	West Texas Region of Texas nonmetropolitan area
48	449	North Texas Region of Texas nonmetropolitan area
48	455	Big Thicket Region of Texas nonmetropolitan area
48	457	Big Thicket Region of Texas nonmetropolitan area
48	459	Longview, TX
48	461	West Texas Region of Texas nonmetropolitan area
48	463	Border Region of Texas nonmetropolitan area
48	465	Border Region of Texas nonmetropolitan area
48	467	North Texas Region of Texas nonmetropolitan area
48	469	Victoria, TX
48	471	Hill Country Region of Texas nonmetropolitan area
48	473	Houston-The Woodlands-Sugar Land, TX
48	475	West Texas Region of Texas nonmetropolitan area
48	477	Hill Country Region of Texas nonmetropolitan area
48	479	Laredo, TX
48	481	Coastal Plains Region of Texas nonmetropolitan area
48	483	West Texas Region of Texas nonmetropolitan area
48	485	Wichita Falls, TX
48	487	West Texas Region of Texas nonmetropolitan area
48	489	Coastal Plains Region of Texas nonmetropolitan area
48	493	San Antonio-New Braunfels, TX
48	495	West Texas Region of Texas nonmetropolitan area
48	499	North Texas Region of Texas nonmetropolitan area
48	501	West Texas Region of Texas nonmetropolitan area
48	503	North Texas Region of Texas nonmetropolitan area
48	505	Coastal Plains Region of Texas nonmetropolitan area
48	507	Border Region of Texas nonmetropolitan area
53	005	Kennewick-Richland, WA
53	011	Portland-Vancouver-Hillsboro, OR-WA
53	015	Longview, WA
53	021	Kennewick-Richland, WA
53	057	Mount Vernon-Anacortes, WA
53	059	Portland-Vancouver-Hillsboro, OR-WA
53	073	Bellingham, WA
54	001	Northern West Virginia nonmetropolitan area
54	005	Charleston, WV
54	007	Northern West Virginia nonmetropolitan area
54	009	Weirton-Steubenville, WV-OH
54	011	Huntington-Ashland, WV-KY-OH
54	013	Northern West Virginia nonmetropolitan area
54	015	Charleston, WV
54	017	Northern West Virginia nonmetropolitan area
54	019	Beckley, WV
54	021	Northern West Virginia nonmetropolitan area
54	023	Northern West Virginia nonmetropolitan area
54	025	Southern West Virginia nonmetropolitan area
54	029	Weirton-Steubenville, WV-OH
54	031	Northern West Virginia nonmetropolitan area
54	033	Northern West Virginia nonmetropolitan area
54	035	Northern West Virginia nonmetropolitan area
54	039	Charleston, WV
54	041	Northern West Virginia nonmetropolitan area
54	043	Huntington-Ashland, WV-KY-OH
54	045	Southern West Virginia nonmetropolitan area
54	047	Southern West Virginia nonmetropolitan area
54	049	Northern West Virginia nonmetropolitan area
54	051	Wheeling, WV-OH
54	053	Northern West Virginia nonmetropolitan area
54	055	Southern West Virginia nonmetropolitan area
54	057	Cumberland, MD-WV
54	059	Southern West Virginia nonmetropolitan area
54	063	Southern West Virginia nonmetropolitan area
54	065	Northern West Virginia nonmetropolitan area
54	067	Southern West Virginia nonmetropolitan area
54	069	Wheeling, WV-OH
54	071	Northern West Virginia nonmetropolitan area
54	073	Northern West Virginia nonmetropolitan area
54	075	Southern West Virginia nonmetropolitan area
54	079	Huntington-Ashland, WV-KY-OH
54	081	Beckley, WV
54	083	Northern West Virginia nonmetropolitan area
54	085	Northern West Virginia nonmetropolitan area
54	087	Northern West Virginia nonmetropolitan area
54	089	Southern West Virginia nonmetropolitan area
54	091	Northern West Virginia nonmetropolitan area
54	093	Northern West Virginia nonmetropolitan area
54	095	Northern West Virginia nonmetropolitan area
54	097	Northern West Virginia nonmetropolitan area
54	099	Huntington-Ashland, WV-KY-OH
54	101	Southern West Virginia nonmetropolitan area
54	103	Northern West Virginia nonmetropolitan area
54	105	Parkersburg-Vienna, WV
54	107	Parkersburg-Vienna, WV
54	109	Southern West Virginia nonmetropolitan area
55	059	Chicago-Naperville-Elgin, IL-IN-WI
56	025	Casper, WY
