01	007	Birmingham-Hoover, AL
01	009	Birmingham-Hoover, AL
01	021	Birmingham-Hoover, AL
01	023	Southwest Alabama nonmetropolitan area
01	025	Southwest Alabama nonmetropolitan area
01	035	Southwest Alabama nonmetropolitan area
01	043	Northwest Alabama nonmetropolitan area
01	047	Southwest Alabama nonmetropolitan area
01	053	Southwest Alabama nonmetropolitan area
01	057	Northwest Alabama nonmetropolitan area
01	059	Northwest Alabama nonmetropolitan area
01	063	Southwest Alabama nonmetropolitan area
01	065	Tuscaloosa, AL
01	073	Birmingham-Hoover, AL
01	075	Northwest Alabama nonmetropolitan area
01	079	Decatur, AL
01	091	Southwest Alabama nonmetropolitan area
01	093	Northwest Alabama nonmetropolitan area
01	097	Mobile, AL
01	099	Southwest Alabama nonmetropolitan area
01	103	Decatur, AL
01	105	Southwest Alabama nonmetropolitan area
01	107	Tuscaloosa, AL
01	115	Birmingham-Hoover, AL
01	117	Birmingham-Hoover, AL
01	119	Southwest Alabama nonmetropolitan area
01	125	Tuscaloosa, AL
01	127	Birmingham-Hoover, AL
01	129	Southwest Alabama nonmetropolitan area
01	131	Southwest Alabama nonmetropolitan area
01	133	Northwest Alabama nonmetropolitan area
02	013	Alaska nonmetropolitan area
02	016	Alaska nonmetropolitan area
02	020	Anchorage, AK
02	050	Alaska nonmetropolitan area
02	060	Alaska nonmetropolitan area
02	063	Alaska nonmetropolitan area
02	066	Alaska nonmetropolitan area
02	068	Alaska nonmetropolitan area
02	070	Alaska nonmetropolitan area
02	090	Fairbanks, AK
02	100	Alaska nonmetropolitan area
02	105	Alaska nonmetropolitan area
02	110	Alaska nonmetropolitan area
02	122	Alaska nonmetropolitan area
02	130	Alaska nonmetropolitan area
02	150	Alaska nonmetropolitan area
02	158	Alaska nonmetropolitan area
02	164	Alaska nonmetropolitan area
02	170	Anchorage, AK
02	180	Alaska nonmetropolitan area
02	185	Alaska nonmetropolitan area
02	188	Alaska nonmetropolitan area
02	195	Alaska nonmetropolitan area
02	198	Alaska nonmetropolitan area
02	220	Alaska nonmetropolitan area
02	230	Alaska nonmetropolitan area
02	240	Alaska nonmetropolitan area
02	275	Alaska nonmetropolitan area
02	282	Alaska nonmetropolitan area
02	290	Alaska nonmetropolitan area
04	001	Arizona nonmetropolitan area
04	007	Arizona nonmetropolitan area
04	009	Arizona nonmetropolitan area
04	011	Arizona nonmetropolitan area
04	012	Arizona nonmetropolitan area
04	015	Lake Havasu City-Kingman, AZ
04	017	Arizona nonmetropolitan area
04	023	Arizona nonmetropolitan area
05	001	South Arkansas nonmetropolitan area
05	003	South Arkansas nonmetropolitan area
05	005	North Arkansas nonmetropolitan area
05	009	North Arkansas nonmetropolitan area
05	011	South Arkansas nonmetropolitan area
05	013	South Arkansas nonmetropolitan area
05	015	North Arkansas nonmetropolitan area
05	017	South Arkansas nonmetropolitan area
05	019	West Arkansas nonmetropolitan area
05	021	East Arkansas nonmetropolitan area
05	023	North Arkansas nonmetropolitan area
05	027	South Arkansas nonmetropolitan area
05	029	West Arkansas nonmetropolitan area
05	033	Fort Smith, AR-OK
05	037	East Arkansas nonmetropolitan area
05	039	South Arkansas nonmetropolitan area
05	041	South Arkansas nonmetropolitan area
05	043	South Arkansas nonmetropolitan area
05	045	Little Rock-North Little Rock-Conway, AR
05	047	West Arkansas nonmetropolitan area
05	049	North Arkansas nonmetropolitan area
05	053	Little Rock-North Little Rock-Conway, AR
05	055	East Arkansas nonmetropolitan area
05	057	South Arkansas nonmetropolitan area
05	059	West Arkansas nonmetropolitan area
05	061	South Arkansas nonmetropolitan area
05	063	North Arkansas nonmetropolitan area
05	065	North Arkansas nonmetropolitan area
05	067	North Arkansas nonmetropolitan area
05	071	West Arkansas nonmetropolitan area
05	073	South Arkansas nonmetropolitan area
05	075	East Arkansas nonmetropolitan area
05	077	East Arkansas nonmetropolitan area
05	083	West Arkansas nonmetropolitan area
05	085	Little Rock-North Little Rock-Conway, AR
05	089	North Arkansas nonmetropolitan area
05	093	East Arkansas nonmetropolitan area
05	095	East Arkansas nonmetropolitan area
05	097	West Arkansas nonmetropolitan area
05	099	South Arkansas nonmetropolitan area
05	101	North Arkansas nonmetropolitan area
05	103	South Arkansas nonmetropolitan area
05	105	Little Rock-North Little Rock-Conway, AR
05	107	East Arkansas nonmetropolitan area
05	109	West Arkansas nonmetropolitan area
05	113	West Arkansas nonmetropolitan area
05	115	West Arkansas nonmetropolitan area
05	117	East Arkansas nonmetropolitan area
05	119	Little Rock-North Little Rock-Conway, AR
05	121	East Arkansas nonmetropolitan area
05	123	East Arkansas nonmetropolitan area
05	125	Little Rock-North Little Rock-Conway, AR
05	127	West Arkansas nonmetropolitan area
05	129	North Arkansas nonmetropolitan area
05	131	Fort Smith, AR-OK
05	133	South Arkansas nonmetropolitan area
05	135	North Arkansas nonmetropolitan area
05	137	North Arkansas nonmetropolitan area
05	139	South Arkansas nonmetropolitan area
05	141	North Arkansas nonmetropolitan area
05	145	North Arkansas nonmetropolitan area
05	147	North Arkansas nonmetropolitan area
05	149	West Arkansas nonmetropolitan area
06	001	San Francisco-Oakland-Hayward, CA
06	013	San Francisco-Oakland-Hayward, CA
06	029	Bakersfield, CA
06	037	Los Angeles-Long Beach-Anaheim, CA
06	041	San Francisco-Oakland-Hayward, CA
06	059	Los Angeles-Long Beach-Anaheim, CA
06	075	San Francisco-Oakland-Hayward, CA
06	079	San Luis Obispo-Paso Robles-Arroyo Grande, CA
06	081	San Francisco-Oakland-Hayward, CA
06	083	Santa Maria-Santa Barbara, CA
06	095	Vallejo-Fairfield, CA
06	101	Yuba City, CA
06	111	Oxnard-Thousand Oaks-Ventura, CA
06	115	Yuba City, CA
08	001	Denver-Aurora-Lakewood, CO
08	003	Eastern and Southern Colorado nonmetropolitan area
08	005	Denver-Aurora-Lakewood, CO
08	007	Southwest Colorado nonmetropolitan area
08	009	Eastern and Southern Colorado nonmetropolitan area
08	011	Eastern and Southern Colorado nonmetropolitan area
08	014	Denver-Aurora-Lakewood, CO
08	015	Southwest Colorado nonmetropolitan area
08	017	Eastern and Southern Colorado nonmetropolitan area
08	019	Denver-Aurora-Lakewood, CO
08	021	Eastern and Southern Colorado nonmetropolitan area
08	023	Eastern and Southern Colorado nonmetropolitan area
08	025	Eastern and Southern Colorado nonmetropolitan area
08	027	Eastern and Southern Colorado nonmetropolitan area
08	029	Southwest Colorado nonmetropolitan area
08	031	Denver-Aurora-Lakewood, CO
08	033	Southwest Colorado nonmetropolitan area
08	035	Denver-Aurora-Lakewood, CO
08	037	Northwest Colorado nonmetropolitan area
08	039	Denver-Aurora-Lakewood, CO
08	041	Colorado Springs, CO
08	043	Southwest Colorado nonmetropolitan area
08	045	Northwest Colorado nonmetropolitan area
08	047	Denver-Aurora-Lakewood, CO
08	049	Northwest Colorado nonmetropolitan area
08	051	Southwest Colorado nonmetropolitan area
08	053	Southwest Colorado nonmetropolitan area
08	055	Eastern and Southern Colorado nonmetropolitan area
08	057	Northwest Colorado nonmetropolitan area
08	059	Denver-Aurora-Lakewood, CO
08	061	Eastern and Southern Colorado nonmetropolitan area
08	063	Eastern and Southern Colorado nonmetropolitan area
08	065	Northwest Colorado nonmetropolitan area
08	067	Southwest Colorado nonmetropolitan area
08	069	Fort Collins, CO
08	071	Eastern and Southern Colorado nonmetropolitan area
08	073	Eastern and Southern Colorado nonmetropolitan area
08	075	Eastern and Southern Colorado nonmetropolitan area
08	077	Grand Junction, CO
08	079	Eastern and Southern Colorado nonmetropolitan area
08	081	Northwest Colorado nonmetropolitan area
08	083	Southwest Colorado nonmetropolitan area
08	085	Southwest Colorado nonmetropolitan area
08	087	Eastern and Southern Colorado nonmetropolitan area
08	089	Eastern and Southern Colorado nonmetropolitan area
08	091	Southwest Colorado nonmetropolitan area
08	093	Denver-Aurora-Lakewood, CO
08	095	Eastern and Southern Colorado nonmetropolitan area
08	097	Northwest Colorado nonmetropolitan area
08	099	Eastern and Southern Colorado nonmetropolitan area
08	103	Northwest Colorado nonmetropolitan area
08	105	Eastern and Southern Colorado nonmetropolitan area
08	107	Northwest Colorado nonmetropolitan area
08	109	Eastern and Southern Colorado nonmetropolitan area
08	111	Southwest Colorado nonmetropolitan area
08	113	Southwest Colorado nonmetropolitan area
08	115	Eastern and Southern Colorado nonmetropolitan area
08	117	Northwest Colorado nonmetropolitan area
08	119	Colorado Springs, CO
08	121	Eastern and Southern Colorado nonmetropolitan area
08	123	Greeley, CO
08	125	Eastern and Southern Colorado nonmetropolitan area
09	001	Bridgeport-Stamford-Norwalk, CT
10	001	Dover, DE
15	003	Urban Honolulu, HI
16	003	Northwestern Idaho nonmetropolitan area
16	005	Pocatello, ID
16	009	Northwestern Idaho nonmetropolitan area
16	017	Northwestern Idaho nonmetropolitan area
16	021	Northwestern Idaho nonmetropolitan area
16	035	Northwestern Idaho nonmetropolitan area
16	039	Northwestern Idaho nonmetropolitan area
16	049	Northwestern Idaho nonmetropolitan area
16	055	Coeur d'Alene, ID
16	057	Northwestern Idaho nonmetropolitan area
16	061	Northwestern Idaho nonmetropolitan area
16	075	Northwestern Idaho nonmetropolitan area
16	079	Northwestern Idaho nonmetropolitan area
16	085	Northwestern Idaho nonmetropolitan area
16	087	Northwestern Idaho nonmetropolitan area
17	001	West Central Illinois nonmetropolitan area
17	009	West Central Illinois nonmetropolitan area
17	017	West Central Illinois nonmetropolitan area
17	021	West Central Illinois nonmetropolitan area
17	023	East Central Illinois nonmetropolitan area
17	025	East Central Illinois nonmetropolitan area
17	029	East Central Illinois nonmetropolitan area
17	033	East Central Illinois nonmetropolitan area
17	035	East Central Illinois nonmetropolitan area
17	041	East Central Illinois nonmetropolitan area
17	045	East Central Illinois nonmetropolitan area
17	047	South Illinois nonmetropolitan area
17	049	East Central Illinois nonmetropolitan area
17	051	East Central Illinois nonmetropolitan area
17	055	South Illinois nonmetropolitan area
17	057	West Central Illinois nonmetropolitan area
17	059	South Illinois nonmetropolitan area
17	061	West Central Illinois nonmetropolitan area
17	065	South Illinois nonmetropolitan area
17	067	West Central Illinois nonmetropolitan area
17	069	South Illinois nonmetropolitan area
17	071	West Central Illinois nonmetropolitan area
17	075	East Central Illinois nonmetropolitan area
17	077	Carbondale-Marion, IL
17	079	East Central Illinois nonmetropolitan area
17	081	South Illinois nonmetropolitan area
17	087	South Illinois nonmetropolitan area
17	095	West Central Illinois nonmetropolitan area
17	101	East Central Illinois nonmetropolitan area
17	105	West Central Illinois nonmetropolitan area
17	107	West Central Illinois nonmetropolitan area
17	109	West Central Illinois nonmetropolitan area
17	121	East Central Illinois nonmetropolitan area
17	125	West Central Illinois nonmetropolitan area
17	127	South Illinois nonmetropolitan area
17	129	Springfield, IL
17	135	West Central Illinois nonmetropolitan area
17	137	West Central Illinois nonmetropolitan area
17	139	West Central Illinois nonmetropolitan area
17	145	South Illinois nonmetropolitan area
17	149	West Central Illinois nonmetropolitan area
17	151	South Illinois nonmetropolitan area
17	153	South Illinois nonmetropolitan area
17	157	South Illinois nonmetropolitan area
17	159	East Central Illinois nonmetropolitan area
17	165	South Illinois nonmetropolitan area
17	167	Springfield, IL
17	169	West Central Illinois nonmetropolitan area
17	171	West Central Illinois nonmetropolitan area
17	173	West Central Illinois nonmetropolitan area
17	181	South Illinois nonmetropolitan area
17	183	Danville, IL
17	185	South Illinois nonmetropolitan area
17	187	West Central Illinois nonmetropolitan area
17	189	South Illinois nonmetropolitan area
17	191	South Illinois nonmetropolitan area
17	193	South Illinois nonmetropolitan area
17	199	Carbondale-Marion, IL
18	021	Terre Haute, IN
18	025	Southern Indiana nonmetropolitan area
18	027	Southern Indiana nonmetropolitan area
18	037	Southern Indiana nonmetropolitan area
18	051	Southern Indiana nonmetropolitan area
18	055	Southern Indiana nonmetropolitan area
18	071	Southern Indiana nonmetropolitan area
18	077	Southern Indiana nonmetropolitan area
18	079	Southern Indiana nonmetropolitan area
18	083	Southern Indiana nonmetropolitan area
18	093	Southern Indiana nonmetropolitan area
18	101	Southern Indiana nonmetropolitan area
18	117	Southern Indiana nonmetropolitan area
18	123	Southern Indiana nonmetropolitan area
18	125	Southern Indiana nonmetropolitan area
18	129	Evansville, IN-KY
18	137	Southern Indiana nonmetropolitan area
18	147	Southern Indiana nonmetropolitan area
18	153	Terre Haute, IN
18	155	Southern Indiana nonmetropolitan area
18	163	Evansville, IN-KY
18	165	Terre Haute, IN
18	167	Terre Haute, IN
18	173	Evansville, IN-KY
20	001	Kansas nonmetropolitan area
20	003	Kansas nonmetropolitan area
20	005	Kansas nonmetropolitan area
20	007	Kansas nonmetropolitan area
20	009	Kansas nonmetropolitan area
20	011	Kansas nonmetropolitan area
20	013	Kansas nonmetropolitan area
20	015	Wichita, KS
20	017	Kansas nonmetropolitan area
20	019	Kansas nonmetropolitan area
20	021	Kansas nonmetropolitan area
20	023	Kansas nonmetropolitan area
20	025	Kansas nonmetropolitan area
20	027	Kansas nonmetropolitan area
20	029	Kansas nonmetropolitan area
20	031	Kansas nonmetropolitan area
20	033	Kansas nonmetropolitan area
20	035	Kansas nonmetropolitan area
20	037	Kansas nonmetropolitan area
20	039	Kansas nonmetropolitan area
20	041	Kansas nonmetropolitan area
20	047	Kansas nonmetropolitan area
20	049	Kansas nonmetropolitan area
20	051	Kansas nonmetropolitan area
20	053	Kansas nonmetropolitan area
20	055	Kansas nonmetropolitan area
20	057	Kansas nonmetropolitan area
20	059	Kansas nonmetropolitan area
20	061	Kansas nonmetropolitan area
20	063	Kansas nonmetropolitan area
20	065	Kansas nonmetropolitan area
20	067	Kansas nonmetropolitan area
20	069	Kansas nonmetropolitan area
20	071	Kansas nonmetropolitan area
20	073	Kansas nonmetropolitan area
20	075	Kansas nonmetropolitan area
20	077	Kansas nonmetropolitan area
20	079	Wichita, KS
20	081	Kansas nonmetropolitan area
20	083	Kansas nonmetropolitan area
20	085	Topeka, KS
20	087	Topeka, KS
20	089	Kansas nonmetropolitan area
20	093	Kansas nonmetropolitan area
20	095	Wichita, KS
20	097	Kansas nonmetropolitan area
20	099	Kansas nonmetropolitan area
20	101	Kansas nonmetropolitan area
20	105	Kansas nonmetropolitan area
20	109	Kansas nonmetropolitan area
20	111	Kansas nonmetropolitan area
20	113	Kansas nonmetropolitan area
20	115	Kansas nonmetropolitan area
20	117	Kansas nonmetropolitan area
20	119	Kansas nonmetropolitan area
20	123	Kansas nonmetropolitan area
20	125	Kansas nonmetropolitan area
20	127	Kansas nonmetropolitan area
20	129	Kansas nonmetropolitan area
20	131	Kansas nonmetropolitan area
20	133	Kansas nonmetropolitan area
20	135	Kansas nonmetropolitan area
20	137	Kansas nonmetropolitan area
20	139	Topeka, KS
20	141	Kansas nonmetropolitan area
20	143	Kansas nonmetropolitan area
20	145	Kansas nonmetropolitan area
20	147	Kansas nonmetropolitan area
20	151	Kansas nonmetropolitan area
20	153	Kansas nonmetropolitan area
20	155	Kansas nonmetropolitan area
20	157	Kansas nonmetropolitan area
20	159	Kansas nonmetropolitan area
20	163	Kansas nonmetropolitan area
20	165	Kansas nonmetropolitan area
20	167	Kansas nonmetropolitan area
20	169	Kansas nonmetropolitan area
20	171	Kansas nonmetropolitan area
20	173	Wichita, KS
20	175	Kansas nonmetropolitan area
20	177	Topeka, KS
20	179	Kansas nonmetropolitan area
20	181	Kansas nonmetropolitan area
20	183	Kansas nonmetropolitan area
20	185	Kansas nonmetropolitan area
20	187	Kansas nonmetropolitan area
20	189	Kansas nonmetropolitan area
20	191	Wichita, KS
20	193	Kansas nonmetropolitan area
20	195	Kansas nonmetropolitan area
20	197	Topeka, KS
20	199	Kansas nonmetropolitan area
20	201	Kansas nonmetropolitan area
20	203	Kansas nonmetropolitan area
20	205	Kansas nonmetropolitan area
20	207	Kansas nonmetropolitan area
21	001	South Central Kentucky nonmetropolitan area
21	003	Bowling Green, KY
21	005	Central Kentucky nonmetropolitan area
21	007	West Kentucky nonmetropolitan area
21	009	South Central Kentucky nonmetropolitan area
21	011	Central Kentucky nonmetropolitan area
21	013	East Kentucky nonmetropolitan area
21	017	Lexington-Fayette, KY
21	019	Huntington-Ashland, WV-KY-OH
21	021	Central Kentucky nonmetropolitan area
21	025	East Kentucky nonmetropolitan area
21	027	West Kentucky nonmetropolitan area
21	031	Bowling Green, KY
21	033	West Kentucky nonmetropolitan area
21	035	West Kentucky nonmetropolitan area
21	039	West Kentucky nonmetropolitan area
21	041	Central Kentucky nonmetropolitan area
21	043	East Kentucky nonmetropolitan area
21	045	South Central Kentucky nonmetropolitan area
21	049	Lexington-Fayette, KY
21	051	East Kentucky nonmetropolitan area
21	053	South Central Kentucky nonmetropolitan area
21	055	West Kentucky nonmetropolitan area
21	057	South Central Kentucky nonmetropolitan area
21	059	Owensboro, KY
21	061	Bowling Green, KY
21	063	East Kentucky nonmetropolitan area
21	065	Central Kentucky nonmetropolitan area
21	067	Lexington-Fayette, KY
21	069	Central Kentucky nonmetropolitan area
21	071	East Kentucky nonmetropolitan area
21	073	Central Kentucky nonmetropolitan area
21	075	West Kentucky nonmetropolitan area
21	079	Central Kentucky nonmetropolitan area
21	083	West Kentucky nonmetropolitan area
21	085	West Kentucky nonmetropolitan area
21	087	South Central Kentucky nonmetropolitan area
21	089	Huntington-Ashland, WV-KY-OH
21	091	Owensboro, KY
21	095	East Kentucky nonmetropolitan area
21	097	Central Kentucky nonmetropolitan area
21	099	South Central Kentucky nonmetropolitan area
21	101	Evansville, IN-KY
21	105	West Kentucky nonmetropolitan area
21	107	West Kentucky nonmetropolitan area
21	109	East Kentucky nonmetropolitan area
21	113	Lexington-Fayette, KY
21	115	East Kentucky nonmetropolitan area
21	119	East Kentucky nonmetropolitan area
21	121	South Central Kentucky nonmetropolitan area
21	125	South Central Kentucky nonmetropolitan area
21	127	East Kentucky nonmetropolitan area
21	129	East Kentucky nonmetropolitan area
21	131	East Kentucky nonmetropolitan area
21	133	East Kentucky nonmetropolitan area
21	135	Central Kentucky nonmetropolitan area
21	137	Central Kentucky nonmetropolitan area
21	139	West Kentucky nonmetropolitan area
21	141	South Central Kentucky nonmetropolitan area
21	143	West Kentucky nonmetropolitan area
21	145	West Kentucky nonmetropolitan area
21	147	South Central Kentucky nonmetropolitan area
21	149	Owensboro, KY
21	151	Central Kentucky nonmetropolitan area
21	153	East Kentucky nonmetropolitan area
21	155	South Central Kentucky nonmetropolitan area
21	157	West Kentucky nonmetropolitan area
21	159	East Kentucky nonmetropolitan area
21	161	Central Kentucky nonmetropolitan area
21	165	Central Kentucky nonmetropolitan area
21	167	Central Kentucky nonmetropolitan area
21	169	South Central Kentucky nonmetropolitan area
21	171	South Central Kentucky nonmetropolitan area
21	173	Central Kentucky nonmetropolitan area
21	175	East Kentucky nonmetropolitan area
21	177	West Kentucky nonmetropolitan area
21	179	Central Kentucky nonmetropolitan area
21	181	Central Kentucky nonmetropolitan area
21	183	West Kentucky nonmetropolitan area
21	187	Central Kentucky nonmetropolitan area
21	189	East Kentucky nonmetropolitan area
21	193	East Kentucky nonmetropolitan area
21	195	East Kentucky nonmetropolitan area
21	197	Central Kentucky nonmetropolitan area
21	199	South Central Kentucky nonmetropolitan area
21	201	Central Kentucky nonmetropolitan area
21	203	Central Kentucky nonmetropolitan area
21	205	Central Kentucky nonmetropolitan area
21	207	South Central Kentucky nonmetropolitan area
21	209	Lexington-Fayette, KY
21	213	South Central Kentucky nonmetropolitan area
21	217	South Central Kentucky nonmetropolitan area
21	219	West Kentucky nonmetropolitan area
21	225	West Kentucky nonmetropolitan area
21	227	Bowling Green, KY
21	229	Central Kentucky nonmetropolitan area
21	231	South Central Kentucky nonmetropolitan area
21	233	West Kentucky nonmetropolitan area
21	235	South Central Kentucky nonmetropolitan area
21	237	East Kentucky nonmetropolitan area
21	239	Lexington-Fayette, KY
22	001	Lafayette, LA
22	003	Central Louisiana nonmetropolitan area
22	005	Baton Rouge, LA
22	007	Southwest Louisiana nonmetropolitan area
22	009	Central Louisiana nonmetropolitan area
22	011	Central Louisiana nonmetropolitan area
22	013	Northeast Louisiana nonmetropolitan area
22	015	Shreveport-Bossier City, LA
22	017	Shreveport-Bossier City, LA
22	019	Lake Charles, LA
22	021	Northeast Louisiana nonmetropolitan area
22	023	Lake Charles, LA
22	025	Northeast Louisiana nonmetropolitan area
22	027	Northeast Louisiana nonmetropolitan area
22	029	Northeast Louisiana nonmetropolitan area
22	031	Shreveport-Bossier City, LA
22	033	Baton Rouge, LA
22	035	Northeast Louisiana nonmetropolitan area
22	037	Baton Rouge, LA
22	039	Central Louisiana nonmetropolitan area
22	041	Northeast Louisiana nonmetropolitan area
22	043	Alexandria, LA
22	045	Lafayette, LA
22	047	Baton Rouge, LA
22	049	Northeast Louisiana nonmetropolitan area
22	051	New Orleans-Metairie, LA
22	053	Southwest Louisiana nonmetropolitan area
22	055	Lafayette, LA
22	057	Houma-Thibodaux, LA
22	059	Central Louisiana nonmetropolitan area
22	061	Northeast Louisiana nonmetropolitan area
22	063	Baton Rouge, LA
22	065	Northeast Louisiana nonmetropolitan area
22	067	Northeast Louisiana nonmetropolitan area
22	069	Central Louisiana nonmetropolitan area
22	071	New Orleans-Metairie, LA
22	073	Monroe, LA
22	075	New Orleans-Metairie, LA
22	077	Baton Rouge, LA
22	079	Alexandria, LA
22	081	Central Louisiana nonmetropolitan area
22	083	Northeast Louisiana nonmetropolitan area
22	085	Central Louisiana nonmetropolitan area
22	087	New Orleans-Metairie, LA
22	089	New Orleans-Metairie, LA
22	091	Baton Rouge, LA
22	093	New Orleans-Metairie, LA
22	095	New Orleans-Metairie, LA
22	097	Southwest Louisiana nonmetropolitan area
22	099	Lafayette, LA
22	101	Southwest Louisiana nonmetropolitan area
22	103	New Orleans-Metairie, LA
22	105	Hammond, LA
22	107	Northeast Louisiana nonmetropolitan area
22	109	Houma-Thibodaux, LA
22	111	Monroe, LA
22	113	Lafayette, LA
22	115	Central Louisiana nonmetropolitan area
22	117	Southwest Louisiana nonmetropolitan area
22	119	Shreveport-Bossier City, LA
22	121	Baton Rouge, LA
22	123	Northeast Louisiana nonmetropolitan area
22	125	Baton Rouge, LA
22	127	Central Louisiana nonmetropolitan area
24	001	Cumberland, MD-WV
24	011	Maryland nonmetropolitan area
24	019	Maryland nonmetropolitan area
24	023	Maryland nonmetropolitan area
24	029	Maryland nonmetropolitan area
24	041	Maryland nonmetropolitan area
26	001	Northeast Lower Peninsula of Michigan nonmetropolitan area
26	003	Upper Peninsula of Michigan nonmetropolitan area
26	005	Balance of Lower Peninsula of Michigan nonmetropolitan area
26	007	Northeast Lower Peninsula of Michigan nonmetropolitan area
26	009	Northwest Lower Peninsula of Michigan nonmetropolitan area
26	011	Northeast Lower Peninsula of Michigan nonmetropolitan area
26	013	Upper Peninsula of Michigan nonmetropolitan area
26	017	Bay City, MI
26	019	Northwest Lower Peninsula of Michigan nonmetropolitan area
26	023	Balance of Lower Peninsula of Michigan nonmetropolitan area
26	025	Battle Creek, MI
26	029	Northwest Lower Peninsula of Michigan nonmetropolitan area
26	031	Northeast Lower Peninsula of Michigan nonmetropolitan area
26	033	Upper Peninsula of Michigan nonmetropolitan area
26	035	Northeast Lower Peninsula of Michigan nonmetropolitan area
26	039	Northeast Lower Peninsula of Michigan nonmetropolitan area
26	041	Upper Peninsula of Michigan nonmetropolitan area
26	043	Upper Peninsula of Michigan nonmetropolitan area
26	047	Northwest Lower Peninsula of Michigan nonmetropolitan area
26	051	Northeast Lower Peninsula of Michigan nonmetropolitan area
26	053	Upper Peninsula of Michigan nonmetropolitan area
26	055	Northwest Lower Peninsula of Michigan nonmetropolitan area
26	057	Balance of Lower Peninsula of Michigan nonmetropolitan area
26	059	Balance of Lower Peninsula of Michigan nonmetropolitan area
26	061	Upper Peninsula of Michigan nonmetropolitan area
26	063	Balance of Lower Peninsula of Michigan nonmetropolitan area
26	067	Balance of Lower Peninsula of Michigan nonmetropolitan area
26	069	Northeast Lower Peninsula of Michigan nonmetropolitan area
26	071	Upper Peninsula of Michigan nonmetropolitan area
26	073	Balance of Lower Peninsula of Michigan nonmetropolitan area
26	079	Northwest Lower Peninsula of Michigan nonmetropolitan area
26	083	Upper Peninsula of Michigan nonmetropolitan area
26	085	Balance of Lower Peninsula of Michigan nonmetropolitan area
26	089	Northwest Lower Peninsula of Michigan nonmetropolitan area
26	091	Balance of Lower Peninsula of Michigan nonmetropolitan area
26	095	Upper Peninsula of Michigan nonmetropolitan area
26	097	Upper Peninsula of Michigan nonmetropolitan area
26	101	Northwest Lower Peninsula of Michigan nonmetropolitan area
26	103	Upper Peninsula of Michigan nonmetropolitan area
26	105	Balance of Lower Peninsula of Michigan nonmetropolitan area
26	107	Balance of Lower Peninsula of Michigan nonmetropolitan area
26	109	Upper Peninsula of Michigan nonmetropolitan area
26	113	Northwest Lower Peninsula of Michigan nonmetropolitan area
26	119	Northeast Lower Peninsula of Michigan nonmetropolitan area
26	123	Balance of Lower Peninsula of Michigan nonmetropolitan area
26	127	Balance of Lower Peninsula of Michigan nonmetropolitan area
26	129	Northeast Lower Peninsula of Michigan nonmetropolitan area
26	131	Upper Peninsula of Michigan nonmetropolitan area
26	133	Balance of Lower Peninsula of Michigan nonmetropolitan area
26	135	Northeast Lower Peninsula of Michigan nonmetropolitan area
26	137	Northeast Lower Peninsula of Michigan nonmetropolitan area
26	141	Northeast Lower Peninsula of Michigan nonmetropolitan area
26	143	Northeast Lower Peninsula of Michigan nonmetropolitan area
26	145	Saginaw, MI
26	149	Balance of Lower Peninsula of Michigan nonmetropolitan area
26	151	Balance of Lower Peninsula of Michigan nonmetropolitan area
26	153	Upper Peninsula of Michigan nonmetropolitan area
26	155	Balance of Lower Peninsula of Michigan nonmetropolitan area
26	157	Balance of Lower Peninsula of Michigan nonmetropolitan area
26	165	Northwest Lower Peninsula of Michigan nonmetropolitan area
27	017	Duluth, MN-WI
27	027	Fargo, ND-MN
27	137	Duluth, MN-WI
28	001	Southwest Mississippi nonmetropolitan area
28	003	Northeast Mississippi nonmetropolitan area
28	005	Southwest Mississippi nonmetropolitan area
28	007	Northeast Mississippi nonmetropolitan area
28	011	Northwest Mississippi nonmetropolitan area
28	013	Northeast Mississippi nonmetropolitan area
28	015	Northwest Mississippi nonmetropolitan area
28	017	Northeast Mississippi nonmetropolitan area
28	019	Northeast Mississippi nonmetropolitan area
28	021	Southwest Mississippi nonmetropolitan area
28	023	Southeast Mississippi nonmetropolitan area
28	025	Northeast Mississippi nonmetropolitan area
28	027	Northwest Mississippi nonmetropolitan area
28	029	Jackson, MS
28	031	Southeast Mississippi nonmetropolitan area
28	035	Hattiesburg, MS
28	037	Southwest Mississippi nonmetropolitan area
28	039	Southeast Mississippi nonmetropolitan area
28	041	Southeast Mississippi nonmetropolitan area
28	043	Northwest Mississippi nonmetropolitan area
28	045	Gulfport-Biloxi-Pascagoula, MS
28	047	Gulfport-Biloxi-Pascagoula, MS
28	049	Jackson, MS
28	051	Northwest Mississippi nonmetropolitan area
28	053	Northwest Mississippi nonmetropolitan area
28	055	Northwest Mississippi nonmetropolitan area
28	057	Northeast Mississippi nonmetropolitan area
28	059	Gulfport-Biloxi-Pascagoula, MS
28	061	Southeast Mississippi nonmetropolitan area
28	063	Southwest Mississippi nonmetropolitan area
28	065	Southeast Mississippi nonmetropolitan area
28	067	Southeast Mississippi nonmetropolitan area
28	069	Southeast Mississippi nonmetropolitan area
28	071	Northeast Mississippi nonmetropolitan area
28	073	Hattiesburg, MS
28	075	Southeast Mississippi nonmetropolitan area
28	077	Southwest Mississippi nonmetropolitan area
28	079	Southeast Mississippi nonmetropolitan area
28	081	Northeast Mississippi nonmetropolitan area
28	083	Northwest Mississippi nonmetropolitan area
28	085	Southwest Mississippi nonmetropolitan area
28	087	Northeast Mississippi nonmetropolitan area
28	089	Jackson, MS
28	091	Southeast Mississippi nonmetropolitan area
28	095	Northeast Mississippi nonmetropolitan area
28	097	Northwest Mississippi nonmetropolitan area
28	099	Southeast Mississippi nonmetropolitan area
28	101	Southeast Mississippi nonmetropolitan area
28	103	Northeast Mississippi nonmetropolitan area
28	105	Northeast Mississippi nonmetropolitan area
28	107	Northwest Mississippi nonmetropolitan area
28	109	Southeast Mississippi nonmetropolitan area
28	111	Hattiesburg, MS
28	113	Southwest Mississippi nonmetropolitan area
28	115	Northeast Mississippi nonmetropolitan area
28	117	Northeast Mississippi nonmetropolitan area
28	119	Northwest Mississippi nonmetropolitan area
28	121	Jackson, MS
28	123	Southeast Mississippi nonmetropolitan area
28	125	Northwest Mississippi nonmetropolitan area
28	127	Jackson, MS
28	129	Southeast Mississippi nonmetropolitan area
28	131	Southeast Mississippi nonmetropolitan area
28	133	Northwest Mississippi nonmetropolitan area
28	135	Northwest Mississippi nonmetropolitan area
28	139	Northeast Mississippi nonmetropolitan area
28	141	Northeast Mississippi nonmetropolitan area
28	145	Northeast Mississippi nonmetropolitan area
28	147	Southwest Mississippi nonmetropolitan area
28	149	Southwest Mississippi nonmetropolitan area
28	151	Northwest Mississippi nonmetropolitan area
28	153	Southeast Mississippi nonmetropolitan area
28	155	Northeast Mississippi nonmetropolitan area
28	157	Southwest Mississippi nonmetropolitan area
28	159	Northeast Mississippi nonmetropolitan area
28	161	Northwest Mississippi nonmetropolitan area
28	163	Jackson, MS
30	003	East-Central Montana nonmetropolitan area
30	005	East-Central Montana nonmetropolitan area
30	009	Billings, MT
30	011	East-Central Montana nonmetropolitan area
30	013	Great Falls, MT
30	015	East-Central Montana nonmetropolitan area
30	017	East-Central Montana nonmetropolitan area
30	019	East-Central Montana nonmetropolitan area
30	021	East-Central Montana nonmetropolitan area
30	025	East-Central Montana nonmetropolitan area
30	027	East-Central Montana nonmetropolitan area
30	033	East-Central Montana nonmetropolitan area
30	035	East-Central Montana nonmetropolitan area
30	037	Billings, MT
30	041	East-Central Montana nonmetropolitan area
30	045	East-Central Montana nonmetropolitan area
30	051	East-Central Montana nonmetropolitan area
30	055	East-Central Montana nonmetropolitan area
30	065	East-Central Montana nonmetropolitan area
30	069	East-Central Montana nonmetropolitan area
30	071	East-Central Montana nonmetropolitan area
30	073	East-Central Montana nonmetropolitan area
30	075	East-Central Montana nonmetropolitan area
30	079	East-Central Montana nonmetropolitan area
30	083	East-Central Montana nonmetropolitan area
30	085	East-Central Montana nonmetropolitan area
30	087	East-Central Montana nonmetropolitan area
30	091	East-Central Montana nonmetropolitan area
30	095	East-Central Montana nonmetropolitan area
30	099	East-Central Montana nonmetropolitan area
30	101	East-Central Montana nonmetropolitan area
30	103	East-Central Montana nonmetropolitan area
30	105	East-Central Montana nonmetropolitan area
30	107	East-Central Montana nonmetropolitan area
30	109	East-Central Montana nonmetropolitan area
30	111	Billings, MT
31	001	South Nebraska nonmetropolitan area
31	005	South Nebraska nonmetropolitan area
31	007	Northwest Nebraska nonmetropolitan area
31	009	South Nebraska nonmetropolitan area
31	013	Northwest Nebraska nonmetropolitan area
31	015	Northwest Nebraska nonmetropolitan area
31	017	Northwest Nebraska nonmetropolitan area
31	019	South Nebraska nonmetropolitan area
31	029	South Nebraska nonmetropolitan area
31	031	South Nebraska nonmetropolitan area
31	033	Northwest Nebraska nonmetropolitan area
31	035	South Nebraska nonmetropolitan area
31	041	South Nebraska nonmetropolitan area
31	045	Northwest Nebraska nonmetropolitan area
31	047	South Nebraska nonmetropolitan area
31	049	Northwest Nebraska nonmetropolitan area
31	057	South Nebraska nonmetropolitan area
31	059	South Nebraska nonmetropolitan area
31	061	South Nebraska nonmetropolitan area
31	063	South Nebraska nonmetropolitan area
31	065	South Nebraska nonmetropolitan area
31	067	South Nebraska nonmetropolitan area
31	069	Northwest Nebraska nonmetropolitan area
31	071	Northwest Nebraska nonmetropolitan area
31	073	South Nebraska nonmetropolitan area
31	075	South Nebraska nonmetropolitan area
31	077	South Nebraska nonmetropolitan area
31	083	South Nebraska nonmetropolitan area
31	085	South Nebraska nonmetropolitan area
31	087	South Nebraska nonmetropolitan area
31	089	Northwest Nebraska nonmetropolitan area
31	091	South Nebraska nonmetropolitan area
31	095	South Nebraska nonmetropolitan area
31	097	South Nebraska nonmetropolitan area
31	099	South Nebraska nonmetropolitan area
31	101	South Nebraska nonmetropolitan area
31	103	Northwest Nebraska nonmetropolitan area
31	105	Northwest Nebraska nonmetropolitan area
31	111	South Nebraska nonmetropolitan area
31	113	South Nebraska nonmetropolitan area
31	115	Northwest Nebraska nonmetropolitan area
31	117	South Nebraska nonmetropolitan area
31	123	Northwest Nebraska nonmetropolitan area
31	127	South Nebraska nonmetropolitan area
31	129	South Nebraska nonmetropolitan area
31	131	South Nebraska nonmetropolitan area
31	133	South Nebraska nonmetropolitan area
31	135	South Nebraska nonmetropolitan area
31	137	South Nebraska nonmetropolitan area
31	145	South Nebraska nonmetropolitan area
31	147	South Nebraska nonmetropolitan area
31	149	Northwest Nebraska nonmetropolitan area
31	151	South Nebraska nonmetropolitan area
31	157	Northwest Nebraska nonmetropolitan area
31	161	Northwest Nebraska nonmetropolitan area
31	163	South Nebraska nonmetropolitan area
31	165	Northwest Nebraska nonmetropolitan area
31	169	South Nebraska nonmetropolitan area
31	171	South Nebraska nonmetropolitan area
31	175	South Nebraska nonmetropolitan area
31	181	South Nebraska nonmetropolitan area
31	185	South Nebraska nonmetropolitan area
32	001	Nevada nonmetropolitan area
32	005	Nevada nonmetropolitan area
32	007	Nevada nonmetropolitan area
32	009	Nevada nonmetropolitan area
32	011	Nevada nonmetropolitan area
32	013	Nevada nonmetropolitan area
32	015	Nevada nonmetropolitan area
32	017	Nevada nonmetropolitan area
32	019	Nevada nonmetropolitan area
32	021	Nevada nonmetropolitan area
32	023	Nevada nonmetropolitan area
32	027	Nevada nonmetropolitan area
32	033	Nevada nonmetropolitan area
35	003	Northern New Mexico nonmetropolitan area
35	005	Eastern New Mexico nonmetropolitan area
35	006	Northern New Mexico nonmetropolitan area
35	007	Northern New Mexico nonmetropolitan area
35	009	Eastern New Mexico nonmetropolitan area
35	011	Eastern New Mexico nonmetropolitan area
35	015	Eastern New Mexico nonmetropolitan area
35	017	Eastern New Mexico nonmetropolitan area
35	019	Eastern New Mexico nonmetropolitan area
35	021	Eastern New Mexico nonmetropolitan area
35	023	Eastern New Mexico nonmetropolitan area
35	025	Eastern New Mexico nonmetropolitan area
35	027	Eastern New Mexico nonmetropolitan area
35	028	Northern New Mexico nonmetropolitan area
35	029	Eastern New Mexico nonmetropolitan area
35	031	Northern New Mexico nonmetropolitan area
35	033	Northern New Mexico nonmetropolitan area
35	035	Eastern New Mexico nonmetropolitan area
35	037	Eastern New Mexico nonmetropolitan area
35	039	Northern New Mexico nonmetropolitan area
35	041	Eastern New Mexico nonmetropolitan area
35	045	Farmington, NM
35	047	Northern New Mexico nonmetropolitan area
35	049	Santa Fe, NM
35	051	Eastern New Mexico nonmetropolitan area
35	053	Eastern New Mexico nonmetropolitan area
35	055	Northern New Mexico nonmetropolitan area
35	059	Eastern New Mexico nonmetropolitan area
36	003	Southwest New York nonmetropolitan area
36	009	Southwest New York nonmetropolitan area
36	013	Southwest New York nonmetropolitan area
36	015	Elmira, NY
36	037	Southwest New York nonmetropolitan area
36	097	Southwest New York nonmetropolitan area
36	099	Southwest New York nonmetropolitan area
36	101	Southwest New York nonmetropolitan area
36	121	Southwest New York nonmetropolitan area
38	001	West North Dakota nonmetropolitan area
38	007	West North Dakota nonmetropolitan area
38	009	West North Dakota nonmetropolitan area
38	011	West North Dakota nonmetropolitan area
38	013	West North Dakota nonmetropolitan area
38	015	Bismarck, ND
38	017	Fargo, ND-MN
38	023	West North Dakota nonmetropolitan area
38	025	West North Dakota nonmetropolitan area
38	029	West North Dakota nonmetropolitan area
38	033	West North Dakota nonmetropolitan area
38	037	West North Dakota nonmetropolitan area
38	041	West North Dakota nonmetropolitan area
38	043	West North Dakota nonmetropolitan area
38	049	West North Dakota nonmetropolitan area
38	053	West North Dakota nonmetropolitan area
38	055	West North Dakota nonmetropolitan area
38	057	West North Dakota nonmetropolitan area
38	059	Bismarck, ND
38	061	West North Dakota nonmetropolitan area
38	065	Bismarck, ND
38	069	West North Dakota nonmetropolitan area
38	075	West North Dakota nonmetropolitan area
38	083	West North Dakota nonmetropolitan area
38	085	Bismarck, ND
38	087	West North Dakota nonmetropolitan area
38	089	West North Dakota nonmetropolitan area
38	101	West North Dakota nonmetropolitan area
38	105	West North Dakota nonmetropolitan area
39	001	Southern Ohio nonmetropolitan area
39	003	Lima, OH
39	005	North Northeastern Ohio nonmetropolitan area (noncontiguous)
39	007	North Northeastern Ohio nonmetropolitan area (noncontiguous)
39	009	Southern Ohio nonmetropolitan area
39	011	West Northwestern Ohio nonmetropolitan area
39	013	Wheeling, WV-OH
39	019	Canton-Massillon, OH
39	021	West Northwestern Ohio nonmetropolitan area
39	027	Southern Ohio nonmetropolitan area
39	029	North Northeastern Ohio nonmetropolitan area (noncontiguous)
39	031	Eastern Ohio nonmetropolitan area
39	033	North Northeastern Ohio nonmetropolitan area (noncontiguous)
39	037	West Northwestern Ohio nonmetropolitan area
39	039	West Northwestern Ohio nonmetropolitan area
39	043	North Northeastern Ohio nonmetropolitan area (noncontiguous)
39	047	Southern Ohio nonmetropolitan area
39	051	Toledo, OH
39	053	Southern Ohio nonmetropolitan area
39	059	Eastern Ohio nonmetropolitan area
39	063	West Northwestern Ohio nonmetropolitan area
39	065	West Northwestern Ohio nonmetropolitan area
39	067	Eastern Ohio nonmetropolitan area
39	069	West Northwestern Ohio nonmetropolitan area
39	071	Southern Ohio nonmetropolitan area
39	075	North Northeastern Ohio nonmetropolitan area (noncontiguous)
39	077	North Northeastern Ohio nonmetropolitan area (noncontiguous)
39	079	Southern Ohio nonmetropolitan area
39	081	Weirton-Steubenville, WV-OH
39	083	North Northeastern Ohio nonmetropolitan area (noncontiguous)
39	087	Huntington-Ashland, WV-KY-OH
39	091	West Northwestern Ohio nonmetropolitan area
39	095	Toledo, OH
39	099	Youngstown-Warren-Boardman, OH-PA
39	101	North Northeastern Ohio nonmetropolitan area (noncontiguous)
39	105	Southern Ohio nonmetropolitan area
39	107	West Northwestern Ohio nonmetropolitan area
39	111	Eastern Ohio nonmetropolitan area
39	115	Eastern Ohio nonmetropolitan area
39	119	Eastern Ohio nonmetropolitan area
39	121	Eastern Ohio nonmetropolitan area
39	123	North Northeastern Ohio nonmetropolitan area (noncontiguous)
39	125	West Northwestern Ohio nonmetropolitan area
39	131	Southern Ohio nonmetropolitan area
39	135	West Northwestern Ohio nonmetropolitan area
39	137	West Northwestern Ohio nonmetropolitan area
39	141	Southern Ohio nonmetropolitan area
39	143	North Northeastern Ohio nonmetropolitan area (noncontiguous)
39	145	Southern Ohio nonmetropolitan area
39	147	North Northeastern Ohio nonmetropolitan area (noncontiguous)
39	149	West Northwestern Ohio nonmetropolitan area
39	151	Canton-Massillon, OH
39	155	Youngstown-Warren-Boardman, OH-PA
39	157	Eastern Ohio nonmetropolitan area
39	161	West Northwestern Ohio nonmetropolitan area
39	163	Southern Ohio nonmetropolitan area
39	167	Eastern Ohio nonmetropolitan area
39	169	North Northeastern Ohio nonmetropolitan area (noncontiguous)
39	171	West Northwestern Ohio nonmetropolitan area
39	173	Toledo, OH
39	175	North Northeastern Ohio nonmetropolitan area (noncontiguous)
40	001	Northeast Oklahoma nonmetropolitan area
40	003	Northwest Oklahoma nonmetropolitan area
40	005	Southeast Oklahoma nonmetropolitan area
40	007	Northwest Oklahoma nonmetropolitan area
40	009	Southwest Oklahoma nonmetropolitan area
40	011	Northwest Oklahoma nonmetropolitan area
40	013	Southeast Oklahoma nonmetropolitan area
40	015	Southwest Oklahoma nonmetropolitan area
40	017	Oklahoma City, OK
40	019	Southeast Oklahoma nonmetropolitan area
40	021	Northeast Oklahoma nonmetropolitan area
40	023	Southeast Oklahoma nonmetropolitan area
40	025	Northwest Oklahoma nonmetropolitan area
40	027	Oklahoma City, OK
40	029	Southeast Oklahoma nonmetropolitan area
40	035	Northeast Oklahoma nonmetropolitan area
40	037	Tulsa, OK
40	039	Southwest Oklahoma nonmetropolitan area
40	041	Northeast Oklahoma nonmetropolitan area
40	043	Northwest Oklahoma nonmetropolitan area
40	045	Northwest Oklahoma nonmetropolitan area
40	047	Enid, OK
40	049	Southeast Oklahoma nonmetropolitan area
40	051	Oklahoma City, OK
40	053	Northwest Oklahoma nonmetropolitan area
40	055	Southwest Oklahoma nonmetropolitan area
40	057	Southwest Oklahoma nonmetropolitan area
40	059	Northwest Oklahoma nonmetropolitan area
40	061	Southeast Oklahoma nonmetropolitan area
40	063	Southeast Oklahoma nonmetropolitan area
40	065	Southwest Oklahoma nonmetropolitan area
40	067	Southwest Oklahoma nonmetropolitan area
40	069	Southeast Oklahoma nonmetropolitan area
40	071	Northwest Oklahoma nonmetropolitan area
40	073	Northwest Oklahoma nonmetropolitan area
40	075	Southwest Oklahoma nonmetropolitan area
40	077	Southeast Oklahoma nonmetropolitan area
40	079	Fort Smith, AR-OK
40	081	Oklahoma City, OK
40	083	Oklahoma City, OK
40	085	Southeast Oklahoma nonmetropolitan area
40	087	Oklahoma City, OK
40	089	Southeast Oklahoma nonmetropolitan area
40	091	Northeast Oklahoma nonmetropolitan area
40	093	Northwest Oklahoma nonmetropolitan area
40	095	Southeast Oklahoma nonmetropolitan area
40	097	Northeast Oklahoma nonmetropolitan area
40	099	Southeast Oklahoma nonmetropolitan area
40	101	Northeast Oklahoma nonmetropolitan area
40	103	Northwest Oklahoma nonmetropolitan area
40	105	Northeast Oklahoma nonmetropolitan area
40	107	Northeast Oklahoma nonmetropolitan area
40	109	Oklahoma City, OK
40	111	Tulsa, OK
40	113	Tulsa, OK
40	115	Northeast Oklahoma nonmetropolitan area
40	117	Tulsa, OK
40	119	Northwest Oklahoma nonmetropolitan area
40	121	Southeast Oklahoma nonmetropolitan area
40	123	Southeast Oklahoma nonmetropolitan area
40	125	Southeast Oklahoma nonmetropolitan area
40	127	Southeast Oklahoma nonmetropolitan area
40	129	Southwest Oklahoma nonmetropolitan area
40	131	Tulsa, OK
40	133	Southeast Oklahoma nonmetropolitan area
40	135	Fort Smith, AR-OK
40	137	Southwest Oklahoma nonmetropolitan area
40	139	Northwest Oklahoma nonmetropolitan area
40	141	Southwest Oklahoma nonmetropolitan area
40	143	Tulsa, OK
40	145	Tulsa, OK
40	147	Northeast Oklahoma nonmetropolitan area
40	149	Southwest Oklahoma nonmetropolitan area
40	151	Northwest Oklahoma nonmetropolitan area
40	153	Northwest Oklahoma nonmetropolitan area
42	003	Pittsburgh, PA
42	005	Pittsburgh, PA
42	007	Pittsburgh, PA
42	009	Southern Pennsylvania nonmetropolitan area
42	015	Northern Pennsylvania nonmetropolitan area
42	019	Pittsburgh, PA
42	021	Johnstown, PA
42	023	Northern Pennsylvania nonmetropolitan area
42	027	State College, PA
42	031	Western Pennsylvania nonmetropolitan area
42	033	Northern Pennsylvania nonmetropolitan area
42	035	Northern Pennsylvania nonmetropolitan area
42	039	Western Pennsylvania nonmetropolitan area
42	047	Northern Pennsylvania nonmetropolitan area
42	051	Pittsburgh, PA
42	053	Western Pennsylvania nonmetropolitan area
42	057	Southern Pennsylvania nonmetropolitan area
42	059	Western Pennsylvania nonmetropolitan area
42	061	Southern Pennsylvania nonmetropolitan area
42	063	Western Pennsylvania nonmetropolitan area
42	065	Northern Pennsylvania nonmetropolitan area
42	067	Southern Pennsylvania nonmetropolitan area
42	069	Scranton--Wilkes-Barre--Hazleton, PA
42	073	Western Pennsylvania nonmetropolitan area
42	079	Scranton--Wilkes-Barre--Hazleton, PA
42	081	Williamsport, PA
42	083	Northern Pennsylvania nonmetropolitan area
42	085	Youngstown-Warren-Boardman, OH-PA
42	087	Southern Pennsylvania nonmetropolitan area
42	097	Southern Pennsylvania nonmetropolitan area
42	105	Northern Pennsylvania nonmetropolitan area
42	107	Southern Pennsylvania nonmetropolitan area
42	109	Southern Pennsylvania nonmetropolitan area
42	111	Southern Pennsylvania nonmetropolitan area
42	113	Northern Pennsylvania nonmetropolitan area
42	115	Northern Pennsylvania nonmetropolitan area
42	117	Northern Pennsylvania nonmetropolitan area
42	119	Southern Pennsylvania nonmetropolitan area
42	121	Western Pennsylvania nonmetropolitan area
42	123	Western Pennsylvania nonmetropolitan area
42	125	Pittsburgh, PA
42	127	Northern Pennsylvania nonmetropolitan area
42	129	Pittsburgh, PA
42	131	Scranton--Wilkes-Barre--Hazleton, PA
46	007	West South Dakota nonmetropolitan area
46	015	West South Dakota nonmetropolitan area
46	017	West South Dakota nonmetropolitan area
46	019	West South Dakota nonmetropolitan area
46	021	West South Dakota nonmetropolitan area
46	023	West South Dakota nonmetropolitan area
46	031	West South Dakota nonmetropolitan area
46	041	West South Dakota nonmetropolitan area
46	043	West South Dakota nonmetropolitan area
46	047	West South Dakota nonmetropolitan area
46	053	West South Dakota nonmetropolitan area
46	055	West South Dakota nonmetropolitan area
46	059	West South Dakota nonmetropolitan area
46	063	West South Dakota nonmetropolitan area
46	065	West South Dakota nonmetropolitan area
46	069	West South Dakota nonmetropolitan area
46	071	West South Dakota nonmetropolitan area
46	075	West South Dakota nonmetropolitan area
46	081	West South Dakota nonmetropolitan area
46	085	West South Dakota nonmetropolitan area
46	095	West South Dakota nonmetropolitan area
46	102	West South Dakota nonmetropolitan area
46	105	West South Dakota nonmetropolitan area
46	107	West South Dakota nonmetropolitan area
46	117	West South Dakota nonmetropolitan area
46	119	West South Dakota nonmetropolitan area
46	121	West South Dakota nonmetropolitan area
46	123	West South Dakota nonmetropolitan area
46	129	West South Dakota nonmetropolitan area
46	137	West South Dakota nonmetropolitan area
47	025	North Central Tennessee nonmetropolitan area
47	027	North Central Tennessee nonmetropolitan area
47	035	North Central Tennessee nonmetropolitan area
47	041	North Central Tennessee nonmetropolitan area
47	049	North Central Tennessee nonmetropolitan area
47	067	North Central Tennessee nonmetropolitan area
47	073	Kingsport-Bristol-Bristol, TN-VA
47	087	North Central Tennessee nonmetropolitan area
47	133	North Central Tennessee nonmetropolitan area
47	137	North Central Tennessee nonmetropolitan area
47	141	North Central Tennessee nonmetropolitan area
47	151	North Central Tennessee nonmetropolitan area
47	163	Kingsport-Bristol-Bristol, TN-VA
47	177	North Central Tennessee nonmetropolitan area
47	185	North Central Tennessee nonmetropolitan area
48	001	North Texas Region of Texas nonmetropolitan area
48	003	West Texas Region of Texas nonmetropolitan area
48	005	Big Thicket Region of Texas nonmetropolitan area
48	007	Corpus Christi, TX
48	009	Wichita Falls, TX
48	011	Amarillo, TX
48	013	San Antonio-New Braunfels, TX
48	015	Houston-The Woodlands-Sugar Land, TX
48	017	West Texas Region of Texas nonmetropolitan area
48	019	San Antonio-New Braunfels, TX
48	021	Austin-Round Rock, TX
48	023	West Texas Region of Texas nonmetropolitan area
48	025	Coastal Plains Region of Texas nonmetropolitan area
48	029	San Antonio-New Braunfels, TX
48	031	Hill Country Region of Texas nonmetropolitan area
48	033	West Texas Region of Texas nonmetropolitan area
48	035	Hill Country Region of Texas nonmetropolitan area
48	039	Houston-The Woodlands-Sugar Land, TX
48	041	College Station-Bryan, TX
48	043	West Texas Region of Texas nonmetropolitan area
48	045	West Texas Region of Texas nonmetropolitan area
48	047	Coastal Plains Region of Texas nonmetropolitan area
48	049	Hill Country Region of Texas nonmetropolitan area
48	051	College Station-Bryan, TX
48	053	Hill Country Region of Texas nonmetropolitan area
48	055	Austin-Round Rock, TX
48	057	Coastal Plains Region of Texas nonmetropolitan area
48	059	Abilene, TX
48	063	North Texas Region of Texas nonmetropolitan area
48	065	Amarillo, TX
48	067	North Texas Region of Texas nonmetropolitan area
48	069	West Texas Region of Texas nonmetropolitan area
48	071	Houston-The Woodlands-Sugar Land, TX
48	073	North Texas Region of Texas nonmetropolitan area
48	075	West Texas Region of Texas nonmetropolitan area
48	077	Wichita Falls, TX
48	079	West Texas Region of Texas nonmetropolitan area
48	081	Hill Country Region of Texas nonmetropolitan area
48	083	Hill Country Region of Texas nonmetropolitan area
48	085	Dallas-Fort Worth-Arlington, TX
48	087	West Texas Region of Texas nonmetropolitan area
48	089	Coastal Plains Region of Texas nonmetropolitan area
48	091	San Antonio-New Braunfels, TX
48	093	North Texas Region of Texas nonmetropolitan area
48	095	Hill Country Region of Texas nonmetropolitan area
48	097	North Texas Region of Texas nonmetropolitan area
48	101	West Texas Region of Texas nonmetropolitan area
48	103	West Texas Region of Texas nonmetropolitan area
48	105	West Texas Region of Texas nonmetropolitan area
48	107	Lubbock, TX
48	109	West Texas Region of Texas nonmetropolitan area
48	111	West Texas Region of Texas nonmetropolitan area
48	113	Dallas-Fort Worth-Arlington, TX
48	115	West Texas Region of Texas nonmetropolitan area
48	117	West Texas Region of Texas nonmetropolitan area
48	119	North Texas Region of Texas nonmetropolitan area
48	121	Dallas-Fort Worth-Arlington, TX
48	123	Coastal Plains Region of Texas nonmetropolitan area
48	125	West Texas Region of Texas nonmetropolitan area
48	127	Border Region of Texas nonmetropolitan area
48	129	West Texas Region of Texas nonmetropolitan area
48	131	Coastal Plains Region of Texas nonmetropolitan area
48	133	North Texas Region of Texas nonmetropolitan area
48	135	Odessa, TX
48	137	Border Region of Texas nonmetropolitan area
48	139	Dallas-Fort Worth-Arlington, TX
48	141	El Paso, TX
48	143	North Texas Region of Texas nonmetropolitan area
48	147	North Texas Region of Texas nonmetropolitan area
48	149	Hill Country Region of Texas nonmetropolitan area
48	151	West Texas Region of Texas nonmetropolitan area
48	153	West Texas Region of Texas nonmetropolitan area
48	155	West Texas Region of Texas nonmetropolitan area
48	157	Houston-The Woodlands-Sugar Land, TX
48	159	North Texas Region of Texas nonmetropolitan area
48	161	Hill Country Region of Texas nonmetropolitan area
48	163	Hill Country Region of Texas nonmetropolitan area
48	165	West Texas Region of Texas nonmetropolitan area
48	167	Houston-The Woodlands-Sugar Land, TX
48	169	West Texas Region of Texas nonmetropolitan area
48	171	Hill Country Region of Texas nonmetropolitan area
48	173	West Texas Region of Texas nonmetropolitan area
48	175	Victoria, TX
48	177	Coastal Plains Region of Texas nonmetropolitan area
48	179	West Texas Region of Texas nonmetropolitan area
48	181	Sherman-Denison, TX
48	183	Longview, TX
48	185	Hill Country Region of Texas nonmetropolitan area
48	187	San Antonio-New Braunfels, TX
48	189	West Texas Region of Texas nonmetropolitan area
48	191	West Texas Region of Texas nonmetropolitan area
48	193	Hill Country Region of Texas nonmetropolitan area
48	195	West Texas Region of Texas nonmetropolitan area
48	197	West Texas Region of Texas nonmetropolitan area
48	199	Beaumont-Port Arthur, TX
48	201	Houston-The Woodlands-Sugar Land, TX
48	203	North Texas Region of Texas nonmetropolitan area
48	205	West Texas Region of Texas nonmetropolitan area
48	207	West Texas Region of Texas nonmetropolitan area
48	209	Austin-Round Rock, TX
48	211	West Texas Region of Texas nonmetropolitan area
48	213	North Texas Region of Texas nonmetropolitan area
48	215	McAllen-Edinburg-Mission, TX
48	217	Hill Country Region of Texas nonmetropolitan area
48	219	West Texas Region of Texas nonmetropolitan area
48	221	Dallas-Fort Worth-Arlington, TX
48	223	North Texas Region of Texas nonmetropolitan area
48	225	Big Thicket Region of Texas nonmetropolitan area
48	227	West Texas Region of Texas nonmetropolitan area
48	229	El Paso, TX
48	231	Dallas-Fort Worth-Arlington, TX
48	233	West Texas Region of Texas nonmetropolitan area
48	235	San Angelo, TX
48	237	North Texas Region of Texas nonmetropolitan area
48	239	Coastal Plains Region of Texas nonmetropolitan area
48	241	Big Thicket Region of Texas nonmetropolitan area
48	243	West Texas Region of Texas nonmetropolitan area
48	245	Beaumont-Port Arthur, TX
48	247	Coastal Plains Region of Texas nonmetropolitan area
48	249	Coastal Plains Region of Texas nonmetropolitan area
48	251	Dallas-Fort Worth-Arlington, TX
48	253	Abilene, TX
48	255	Coastal Plains Region of Texas nonmetropolitan area
48	257	Dallas-Fort Worth-Arlington, TX
48	259	San Antonio-New Braunfels, TX
48	261	Coastal Plains Region of Texas nonmetropolitan area
48	263	West Texas Region of Texas nonmetropolitan area
48	265	Hill Country Region of Texas nonmetropolitan area
48	267	Hill Country Region of Texas nonmetropolitan area
48	269	West Texas Region of Texas nonmetropolitan area
48	271	Border Region of Texas nonmetropolitan area
48	273	Coastal Plains Region of Texas nonmetropolitan area
48	275	West Texas Region of Texas nonmetropolitan area
48	277	North Texas Region of Texas nonmetropolitan area
48	279	West Texas Region of Texas nonmetropolitan area
48	283	Border Region of Texas nonmetropolitan area
48	285	Coastal Plains Region of Texas nonmetropolitan area
48	287	Hill Country Region of Texas nonmetropolitan area
48	289	Hill Country Region of Texas nonmetropolitan area
48	291	Houston-The Woodlands-Sugar Land, TX
48	293	Hill Country Region of Texas nonmetropolitan area
48	295	West Texas Region of Texas nonmetropolitan area
48	297	Coastal Plains Region of Texas nonmetropolitan area
48	299	Hill Country Region of Texas nonmetropolitan area
48	301	West Texas Region of Texas nonmetropolitan area
48	303	Lubbock, TX
48	305	Lubbock, TX
48	307	Hill Country Region of Texas nonmetropolitan area
48	311	Coastal Plains Region of Texas nonmetropolitan area
48	313	Hill Country Region of Texas nonmetropolitan area
48	315	North Texas Region of Texas nonmetropolitan area
48	317	Midland, TX
48	319	Hill Country Region of Texas nonmetropolitan area
48	321	Coastal Plains Region of Texas nonmetropolitan area
48	323	Border Region of Texas nonmetropolitan area
48	325	San Antonio-New Braunfels, TX
48	327	Hill Country Region of Texas nonmetropolitan area
48	329	Midland, TX
48	331	Hill Country Region of Texas nonmetropolitan area
48	333	Hill Country Region of Texas nonmetropolitan area
48	335	West Texas Region of Texas nonmetropolitan area
48	337	North Texas Region of Texas nonmetropolitan area
48	339	Houston-The Woodlands-Sugar Land, TX
48	341	West Texas Region of Texas nonmetropolitan area
48	343	North Texas Region of Texas nonmetropolitan area
48	345	West Texas Region of Texas nonmetropolitan area
48	347	Big Thicket Region of Texas nonmetropolitan area
48	349	North Texas Region of Texas nonmetropolitan area
48	351	Beaumont-Port Arthur, TX
48	353	West Texas Region of Texas nonmetropolitan area
48	355	Corpus Christi, TX
48	357	West Texas Region of Texas nonmetropolitan area
48	359	Amarillo, TX
48	361	Beaumont-Port Arthur, TX
48	363	North Texas Region of Texas nonmetropolitan area
48	365	North Texas Region of Texas nonmetropolitan area
48	367	Dallas-Fort Worth-Arlington, TX
48	369	West Texas Region of Texas nonmetropolitan area
48	371	West Texas Region of Texas nonmetropolitan area
48	373	Big Thicket Region of Texas nonmetropolitan area
48	375	Amarillo, TX
48	377	West Texas Region of Texas nonmetropolitan area
48	379	North Texas Region of Texas nonmetropolitan area
48	381	Amarillo, TX
48	383	West Texas Region of Texas nonmetropolitan area
48	385	Border Region of Texas nonmetropolitan area
48	387	North Texas Region of Texas nonmetropolitan area
48	389	West Texas Region of Texas nonmetropolitan area
48	391	Coastal Plains Region of Texas nonmetropolitan area
48	393	West Texas Region of Texas nonmetropolitan area
48	395	College Station-Bryan, TX
48	397	Dallas-Fort Worth-Arlington, TX
48	399	Hill Country Region of Texas nonmetropolitan area
48	401	Longview, TX
48	403	Big Thicket Region of Texas nonmetropolitan area
48	405	Big Thicket Region of Texas nonmetropolitan area
48	407	Big Thicket Region of Texas nonmetropolitan area
48	409	Corpus Christi, TX
48	411	Hill Country Region of Texas nonmetropolitan area
48	413	Hill Country Region of Texas nonmetropolitan area
48	415	West Texas Region of Texas nonmetropolitan area
48	417	West Texas Region of Texas nonmetropolitan area
48	419	Big Thicket Region of Texas nonmetropolitan area
48	421	West Texas Region of Texas nonmetropolitan area
48	423	Tyler, TX
48	425	Dallas-Fort Worth-Arlington, TX
48	427	Coastal Plains Region of Texas nonmetropolitan area
48	429	North Texas Region of Texas nonmetropolitan area
48	431	Hill Country Region of Texas nonmetropolitan area
48	433	West Texas Region of Texas nonmetropolitan area
48	435	Hill Country Region of Texas nonmetropolitan area
48	437	West Texas Region of Texas nonmetropolitan area
48	439	Dallas-Fort Worth-Arlington, TX
48	441	Abilene, TX
48	443	West Texas Region of Texas nonmetropolitan area
48	445	West Texas Region of Texas nonmetropolitan area
48	447	West Texas Region of Texas nonmetropolitan area
48	449	North Texas Region of Texas nonmetropolitan area
48	451	San Angelo, TX
48	453	Austin-Round Rock, TX
48	455	Big Thicket Region of Texas nonmetropolitan area
48	457	Big Thicket Region of Texas nonmetropolitan area
48	459	Longview, TX
48	461	West Texas Region of Texas nonmetropolitan area
48	463	Border Region of Texas nonmetropolitan area
48	465	Border Region of Texas nonmetropolitan area
48	467	North Texas Region of Texas nonmetropolitan area
48	469	Victoria, TX
48	471	Hill Country Region of Texas nonmetropolitan area
48	473	Houston-The Woodlands-Sugar Land, TX
48	475	West Texas Region of Texas nonmetropolitan area
48	477	Hill Country Region of Texas nonmetropolitan area
48	479	Laredo, TX
48	481	Coastal Plains Region of Texas nonmetropolitan area
48	483	West Texas Region of Texas nonmetropolitan area
48	485	Wichita Falls, TX
48	487	West Texas Region of Texas nonmetropolitan area
48	489	Coastal Plains Region of Texas nonmetropolitan area
48	491	Austin-Round Rock, TX
48	493	San Antonio-New Braunfels, TX
48	495	West Texas Region of Texas nonmetropolitan area
48	497	Dallas-Fort Worth-Arlington, TX
48	499	North Texas Region of Texas nonmetropolitan area
48	501	West Texas Region of Texas nonmetropolitan area
48	503	North Texas Region of Texas nonmetropolitan area
48	505	Coastal Plains Region of Texas nonmetropolitan area
48	507	Border Region of Texas nonmetropolitan area
49	001	Central Utah nonmetropolitan area
49	003	Ogden-Clearfield, UT
49	007	Eastern Utah nonmetropolitan area
49	009	Eastern Utah nonmetropolitan area
49	011	Ogden-Clearfield, UT
49	013	Eastern Utah nonmetropolitan area
49	015	Eastern Utah nonmetropolitan area
49	017	Central Utah nonmetropolitan area
49	019	Eastern Utah nonmetropolitan area
49	021	Central Utah nonmetropolitan area
49	025	Central Utah nonmetropolitan area
49	027	Central Utah nonmetropolitan area
49	029	Ogden-Clearfield, UT
49	031	Central Utah nonmetropolitan area
49	033	Eastern Utah nonmetropolitan area
49	035	Salt Lake City, UT
49	037	Eastern Utah nonmetropolitan area
49	039	Central Utah nonmetropolitan area
49	041	Central Utah nonmetropolitan area
49	043	Eastern Utah nonmetropolitan area
49	045	Salt Lake City, UT
49	047	Eastern Utah nonmetropolitan area
49	051	Eastern Utah nonmetropolitan area
49	055	Central Utah nonmetropolitan area
49	057	Ogden-Clearfield, UT
51	005	Northwest Virginia nonmetropolitan area
51	017	Northwest Virginia nonmetropolitan area
51	021	Southwest Virginia nonmetropolitan area
51	027	Southwest Virginia nonmetropolitan area
51	035	Southwest Virginia nonmetropolitan area
51	051	Southwest Virginia nonmetropolitan area
51	077	Southwest Virginia nonmetropolitan area
51	089	Southwest Virginia nonmetropolitan area
51	091	Northwest Virginia nonmetropolitan area
51	105	Southwest Virginia nonmetropolitan area
51	109	Northwest Virginia nonmetropolitan area
51	113	Northwest Virginia nonmetropolitan area
51	137	Northwest Virginia nonmetropolitan area
51	139	Northwest Virginia nonmetropolitan area
51	141	Southwest Virginia nonmetropolitan area
51	163	Northwest Virginia nonmetropolitan area
51	167	Southwest Virginia nonmetropolitan area
51	169	Kingsport-Bristol-Bristol, TN-VA
51	171	Northwest Virginia nonmetropolitan area
51	173	Southwest Virginia nonmetropolitan area
51	185	Southwest Virginia nonmetropolitan area
51	191	Kingsport-Bristol-Bristol, TN-VA
51	195	Southwest Virginia nonmetropolitan area
51	197	Southwest Virginia nonmetropolitan area
51	520	Kingsport-Bristol-Bristol, TN-VA
51	530	Northwest Virginia nonmetropolitan area
51	580	Northwest Virginia nonmetropolitan area
51	640	Southwest Virginia nonmetropolitan area
51	678	Northwest Virginia nonmetropolitan area
51	690	Southwest Virginia nonmetropolitan area
51	720	Southwest Virginia nonmetropolitan area
53	057	Mount Vernon-Anacortes, WA
53	073	Bellingham, WA
54	001	Northern West Virginia nonmetropolitan area
54	005	Charleston, WV
54	007	Northern West Virginia nonmetropolitan area
54	009	Weirton-Steubenville, WV-OH
54	011	Huntington-Ashland, WV-KY-OH
54	013	Northern West Virginia nonmetropolitan area
54	015	Charleston, WV
54	017	Northern West Virginia nonmetropolitan area
54	019	Beckley, WV
54	021	Northern West Virginia nonmetropolitan area
54	023	Northern West Virginia nonmetropolitan area
54	025	Southern West Virginia nonmetropolitan area
54	029	Weirton-Steubenville, WV-OH
54	031	Northern West Virginia nonmetropolitan area
54	033	Northern West Virginia nonmetropolitan area
54	035	Northern West Virginia nonmetropolitan area
54	039	Charleston, WV
54	041	Northern West Virginia nonmetropolitan area
54	043	Huntington-Ashland, WV-KY-OH
54	045	Southern West Virginia nonmetropolitan area
54	047	Southern West Virginia nonmetropolitan area
54	049	Northern West Virginia nonmetropolitan area
54	051	Wheeling, WV-OH
54	053	Northern West Virginia nonmetropolitan area
54	055	Southern West Virginia nonmetropolitan area
54	057	Cumberland, MD-WV
54	059	Southern West Virginia nonmetropolitan area
54	061	Morgantown, WV
54	063	Southern West Virginia nonmetropolitan area
54	065	Northern West Virginia nonmetropolitan area
54	067	Southern West Virginia nonmetropolitan area
54	069	Wheeling, WV-OH
54	071	Northern West Virginia nonmetropolitan area
54	073	Northern West Virginia nonmetropolitan area
54	075	Southern West Virginia nonmetropolitan area
54	077	Morgantown, WV
54	079	Huntington-Ashland, WV-KY-OH
54	081	Beckley, WV
54	083	Northern West Virginia nonmetropolitan area
54	085	Northern West Virginia nonmetropolitan area
54	087	Northern West Virginia nonmetropolitan area
54	089	Southern West Virginia nonmetropolitan area
54	091	Northern West Virginia nonmetropolitan area
54	093	Northern West Virginia nonmetropolitan area
54	095	Northern West Virginia nonmetropolitan area
54	097	Northern West Virginia nonmetropolitan area
54	099	Huntington-Ashland, WV-KY-OH
54	101	Southern West Virginia nonmetropolitan area
54	103	Northern West Virginia nonmetropolitan area
54	105	Parkersburg-Vienna, WV
54	107	Parkersburg-Vienna, WV
54	109	Southern West Virginia nonmetropolitan area
55	031	Duluth, MN-WI
56	001	Eastern Wyoming nonmetropolitan area
56	003	Western Wyoming nonmetropolitan area
56	005	Eastern Wyoming nonmetropolitan area
56	007	Eastern Wyoming nonmetropolitan area
56	009	Eastern Wyoming nonmetropolitan area
56	011	Eastern Wyoming nonmetropolitan area
56	013	Western Wyoming nonmetropolitan area
56	015	Eastern Wyoming nonmetropolitan area
56	017	Western Wyoming nonmetropolitan area
56	019	Eastern Wyoming nonmetropolitan area
56	021	Cheyenne, WY
56	023	Western Wyoming nonmetropolitan area
56	025	Casper, WY
56	027	Eastern Wyoming nonmetropolitan area
56	029	Western Wyoming nonmetropolitan area
56	031	Eastern Wyoming nonmetropolitan area
56	033	Eastern Wyoming nonmetropolitan area
56	035	Western Wyoming nonmetropolitan area
56	037	Western Wyoming nonmetropolitan area
56	039	Western Wyoming nonmetropolitan area
56	041	Western Wyoming nonmetropolitan area
56	043	Western Wyoming nonmetropolitan area
56	045	Eastern Wyoming nonmetropolitan area
72	015	Guayama, PR
72	057	Guayama, PR
72	109	Guayama, PR
78	000	Virgin Islands nonmetropolitan area
